COUNTY NUMBER,PRECINCT CODE,PRECINCT NAME,REGISTERED VOTERS TOTAL,REGISTERED VOTERS - Republican Party,REGISTERED VOTERS - Democratic Party,REGISTERED VOTERS - NONPARTISAN,BALLOTS CAST TOTAL,BALLOTS CAST - Republican Party,BALLOTS CAST - Democratic Party,BALLOTS CAST - NONPARTISAN,BALLOTS CAST BLANK,REP President,REP President,REP President,REP President,REP President,REP President,REP President,REP President,REP President,REP President,REP US Senator,REP US Senator,REP US Senator,REP US Senator,REP US Senator,REP US Senator,REP US Senator,"REP US Representative, Dist 28","REP US Representative, Dist 28","REP US Representative, Dist 28",REP Railroad Commissioner,REP Railroad Commissioner,REP Railroad Commissioner,REP Railroad Commissioner,"REP Chief Justice, Supreme Court","REP Chief Justice, Supreme Court","REP Chief Justice, Supreme Court","REP Justice, Supreme Court, Pl 6","REP Justice, Supreme Court, Pl 6","REP Justice, Supreme Court, Pl 6","REP Justice, Supreme Court, Pl 7","REP Justice, Supreme Court, Pl 7","REP Justice, Supreme Court, Pl 7","REP Justice, Supreme Court, Pl 8","REP Justice, Supreme Court, Pl 8","REP Justice, Supreme Court, Pl 8","REP Judge, Ct of Crim App, Pl 3","REP Judge, Ct of Crim App, Pl 3","REP Judge, Ct of Crim App, Pl 3","REP Judge, Ct of Crim App, Pl 3","REP Judge, Ct of Crim App, Pl 4","REP Judge, Ct of Crim App, Pl 4","REP Judge, Ct of Crim App, Pl 4","REP Judge, Ct of Crim App, Pl 9","REP Judge, Ct of Crim App, Pl 9","REP Judge, Ct of Crim App, Pl 9","REP Member, State BoE, Dist 1","REP Member, State BoE, Dist 1","REP Member, State BoE, Dist 1","REP State Senator, Dist 19","REP State Senator, Dist 19","REP State Senator, Dist 19","REP State Senator, Dist 21","REP State Senator, Dist 21","REP State Senator, Dist 21","REP State Representative, Dist 31","REP State Representative, Dist 31","REP State Representative, Dist 31","REP Chief Justice, 4th Ct of App Dist","REP Chief Justice, 4th Ct of App Dist","REP Chief Justice, 4th Ct of App Dist","REP Dist Attorney, 81st Judicial Dist","REP Dist Attorney, 81st Judicial Dist","REP Dist Attorney, 81st Judicial Dist",REP County Attorney,REP County Attorney,REP County Attorney,REP Sheriff,REP Sheriff,REP Sheriff,REP Sheriff,REP County Tax Assessor-Collector,REP County Tax Assessor-Collector,REP County Tax Assessor-Collector,REP County Commissioner,REP County Commissioner,REP County Commissioner,REP Constable,REP Constable,REP Constable,REP Constable,REP Constable,REP Constable,REP Constable,REP Constable,REP Constable,REP Constable,REP Constable,REP Constable,REP Constable,REP Constable,REP Constable,REP Constable,REP County Chair,REP County Chair,REP County Chair,REP County Chair,REP Precinct Chair,REP Precinct Chair,REP Precinct Chair,REP Precinct Chair,REP Precinct Chair,REP Precinct Chair,REP Precinct Chair,REP Precinct Chair,REP Precinct Chair,REP Precinct Chair,REP Precinct Chair,REP Precinct Chair,REP Proposition 1,REP Proposition 1,REP Proposition 1,REP Proposition 1,REP Proposition 2,REP Proposition 2,REP Proposition 2,REP Proposition 2,REP Proposition 3,REP Proposition 3,REP Proposition 3,REP Proposition 3,REP Proposition 4,REP Proposition 4,REP Proposition 4,REP Proposition 4,REP Proposition 5,REP Proposition 5,REP Proposition 5,REP Proposition 5,REP Proposition 6,REP Proposition 6,REP Proposition 6,REP Proposition 6,REP Proposition 7,REP Proposition 7,REP Proposition 7,REP Proposition 7,REP Proposition 8,REP Proposition 8,REP Proposition 8,REP Proposition 8,REP Proposition 9,REP Proposition 9,REP Proposition 9,REP Proposition 9,REP Proposition 10,REP Proposition 10,REP Proposition 10,REP Proposition 10,DEM President,DEM President,DEM President,DEM President,DEM President,DEM President,DEM President,DEM President,DEM President,DEM President,DEM President,DEM President,DEM President,DEM President,DEM President,DEM President,DEM President,DEM President,DEM President,DEM US Senator,DEM US Senator,DEM US Senator,DEM US Senator,DEM US Senator,DEM US Senator,DEM US Senator,DEM US Senator,DEM US Senator,DEM US Senator,DEM US Senator,DEM US Senator,DEM US Senator,DEM US Senator,"DEM US Representative, Dist 28","DEM US Representative, Dist 28","DEM US Representative, Dist 28","DEM US Representative, Dist 28",DEM Railroad Commissioner,DEM Railroad Commissioner,DEM Railroad Commissioner,DEM Railroad Commissioner,DEM Railroad Commissioner,DEM Railroad Commissioner,"DEM Chief Justice, Supreme Court","DEM Chief Justice, Supreme Court","DEM Chief Justice, Supreme Court","DEM Chief Justice, Supreme Court","DEM Justice, Supreme Court, Pl 6","DEM Justice, Supreme Court, Pl 6","DEM Justice, Supreme Court, Pl 6","DEM Justice, Supreme Court, Pl 6","DEM Justice, Supreme Court, Pl 7","DEM Justice, Supreme Court, Pl 7","DEM Justice, Supreme Court, Pl 7","DEM Justice, Supreme Court, Pl 7","DEM Justice, Supreme Court, Pl 8","DEM Justice, Supreme Court, Pl 8","DEM Justice, Supreme Court, Pl 8","DEM Justice, Supreme Court, Pl 8","DEM Judge, Ct of Crim App, Pl 3","DEM Judge, Ct of Crim App, Pl 3","DEM Judge, Ct of Crim App, Pl 3","DEM Judge, Ct of Crim App, Pl 3","DEM Judge, Ct of Crim App, Pl 3","DEM Judge, Ct of Crim App, Pl 4","DEM Judge, Ct of Crim App, Pl 4","DEM Judge, Ct of Crim App, Pl 4","DEM Judge, Ct of Crim App, Pl 4","DEM Judge, Ct of Crim App, Pl 9","DEM Judge, Ct of Crim App, Pl 9","DEM Judge, Ct of Crim App, Pl 9","DEM Member, State BoE, Dist 1","DEM Member, State BoE, Dist 1","DEM Member, State BoE, Dist 1","DEM State Senator, Dist 19","DEM State Senator, Dist 19","DEM State Senator, Dist 19","DEM State Senator, Dist 19","DEM State Senator, Dist 19","DEM State Senator, Dist 21","DEM State Senator, Dist 21","DEM State Senator, Dist 21","DEM State Representative, Dist 31","DEM State Representative, Dist 31","DEM State Representative, Dist 31","DEM Chief Justice, 4th Ct of App Dist","DEM Chief Justice, 4th Ct of App Dist","DEM Chief Justice, 4th Ct of App Dist",DEM Sheriff,DEM Sheriff,DEM Sheriff,DEM County Commissioner,DEM County Commissioner,DEM County Commissioner,DEM County Commissioner,DEM County Commissioner,DEM County Commissioner,DEM Constable,DEM Constable,DEM Constable,DEM Constable,DEM County Chair,DEM County Chair,DEM County Chair,DEM Proposition #1,DEM Proposition #1,DEM Proposition #1,DEM Proposition #1,DEM Proposition #2,DEM Proposition #2,DEM Proposition #2,DEM Proposition #2,DEM Proposition #3,DEM Proposition #3,DEM Proposition #3,DEM Proposition #3,DEM Proposition #4,DEM Proposition #4,DEM Proposition #4,DEM Proposition #4,DEM Proposition #5,DEM Proposition #5,DEM Proposition #5,DEM Proposition #5,DEM Proposition #6,DEM Proposition #6,DEM Proposition #6,DEM Proposition #6,DEM Proposition #7,DEM Proposition #7,DEM Proposition #7,DEM Proposition #7,DEM Proposition #8,DEM Proposition #8,DEM Proposition #8,DEM Proposition #8,DEM Proposition #9,DEM Proposition #9,DEM Proposition #9,DEM Proposition #9,DEM Proposition #10,DEM Proposition #10,DEM Proposition #10,DEM Proposition #10,DEM Proposition #11,DEM Proposition #11,DEM Proposition #11,DEM Proposition #11
,,,,REP,DEM,NON,,REP,DEM,NON,,REP,REP,REP,REP,REP,REP,REP,REP,REP,REP,REP,REP,REP,REP,REP,REP,REP,REP,REP,REP,REP,REP,REP,REP,REP,REP,REP,REP,REP,REP,REP,REP,REP,REP,REP,REP,REP,REP,REP,REP,REP,REP,REP,REP,REP,REP,REP,REP,REP,REP,REP,REP,REP,REP,REP,REP,REP,REP,REP,REP,REP,REP,REP,REP,REP,REP,REP,REP,REP,REP,REP,REP,REP,REP,REP,REP,REP,REP,REP,REP,REP,REP,REP,REP,REP,REP,REP,REP,REP,REP,REP,REP,REP,REP,REP,REP,REP,REP,REP,REP,REP,REP,REP,REP,REP,REP,REP,REP,REP,REP,REP,REP,REP,REP,REP,REP,REP,REP,REP,REP,REP,REP,REP,REP,REP,REP,REP,REP,REP,REP,REP,REP,REP,REP,REP,REP,REP,REP,REP,REP,REP,REP,REP,REP,REP,REP,REP,REP,REP,DEM,DEM,DEM,DEM,DEM,DEM,DEM,DEM,DEM,DEM,DEM,DEM,DEM,DEM,DEM,DEM,DEM,DEM,DEM,DEM,DEM,DEM,DEM,DEM,DEM,DEM,DEM,DEM,DEM,DEM,DEM,DEM,DEM,DEM,DEM,DEM,DEM,DEM,DEM,DEM,DEM,DEM,DEM,DEM,DEM,DEM,DEM,DEM,DEM,DEM,DEM,DEM,DEM,DEM,DEM,DEM,DEM,DEM,DEM,DEM,DEM,DEM,DEM,DEM,DEM,DEM,DEM,DEM,DEM,DEM,DEM,DEM,DEM,DEM,DEM,DEM,DEM,DEM,DEM,DEM,DEM,DEM,DEM,DEM,DEM,DEM,DEM,DEM,DEM,DEM,DEM,DEM,DEM,DEM,DEM,DEM,DEM,DEM,DEM,DEM,DEM,DEM,DEM,DEM,DEM,DEM,DEM,DEM,DEM,DEM,DEM,DEM,DEM,DEM,DEM,DEM,DEM,DEM,DEM,DEM,DEM,DEM,DEM,DEM,DEM,DEM,DEM,DEM,DEM,DEM,DEM,DEM,DEM,DEM,DEM,DEM,DEM,DEM,DEM,DEM,DEM,DEM,DEM,DEM,DEM,DEM,DEM,DEM
,,,VOTERS,VOTERS,VOTERS,VOTERS,BALLOTS CAST,BALLOTS CAST,BALLOTS CAST,BALLOTS CAST,BALLOTS CAST,Zoltan G. Istvan,Donald J. Trump,Roque Rocky DeLa Fuente Guerra,Matthew John Matern,Joe Walsh,Bill Weld,Bob Ely,Uncommitted,OVER VOTES,UNDER VOTES,Mark Yancey,Dwayne Stovall,John Cornyn,John Anthony Castro,Virgil Bierschwale,OVER VOTES,UNDER VOTES,Sandra Whitten,OVER VOTES,UNDER VOTES,"James ""Jim"" Wright",Ryan Sitton,OVER VOTES,UNDER VOTES,Nathan Hecht,OVER VOTES,UNDER VOTES,Jane Bland,OVER VOTES,UNDER VOTES,Jeff Boyd,OVER VOTES,UNDER VOTES,Brett Busby,OVER VOTES,UNDER VOTES,Gina Parker,Bert Richardson,OVER VOTES,UNDER VOTES,Kevin Patrick Yeary,OVER VOTES,UNDER VOTES,David Newell,OVER VOTES,UNDER VOTES,Jennifer Ivey,OVER VOTES,UNDER VOTES,"Peter P. ""Pete"" Flores",OVER VOTES,UNDER VOTES,Frank Pomeroy,OVER VOTES,UNDER VOTES,Marian Knowlton,OVER VOTES,UNDER VOTES,Renee Yanta,OVER VOTES,UNDER VOTES,Audrey Gossett Louis,OVER VOTES,UNDER VOTES,Lucinda A. Vickers,OVER VOTES,UNDER VOTES,David Soward,Tina Egelston,OVER VOTES,UNDER VOTES,Loretta Holley,OVER VOTES,UNDER VOTES,Mark Gillespie,OVER VOTES,UNDER VOTES,Joe Paez,"Miguel ""Mike"" Mares Jr",John Rothenbach,OVER VOTES,UNDER VOTES,"Edward ""Ed"" Richter",OVER VOTES,UNDER VOTES,Cregg M. Thompson,OVER VOTES,UNDER VOTES,"William ""Bill"" Meadows",Rex Newman Jr,David Douglas,OVER VOTES,UNDER VOTES,Wayne S. Vaughn,David Emery,OVER VOTES,UNDER VOTES,Larry Bartek,Danelle Pascarella,OVER VOTES,UNDER VOTES,Chris Brauchle,Catherine Vaughn,OVER VOTES,UNDER VOTES,Pamela Fintel,D.R. Powell,OVER VOTES,UNDER VOTES,Yes,No,OVER VOTES,UNDER VOTES,Yes,No,OVER VOTES,UNDER VOTES,Yes,No,OVER VOTES,UNDER VOTES,Yes,No,OVER VOTES,UNDER VOTES,Yes,No,OVER VOTES,UNDER VOTES,Yes,No,OVER VOTES,UNDER VOTES,Yes,No,OVER VOTES,UNDER VOTES,Yes,No,OVER VOTES,UNDER VOTES,Yes,No,OVER VOTES,UNDER VOTES,Yes,No,OVER VOTES,UNDER VOTES,"Roque ""Rocky"" De La Fuente",Marianne Williamson,Michael R. Bloomberg,Pete Buttigieg,Bernie Sanders,Andrew Yang,Cory Booker,Robby Wells,Julian Castro,Deval Patrick,Tulsi Gabbard,Elizabeth Warren,John K. Delaney,Tom Steyer,Michael Bennet,Amy Klobuchar,Joseph R. Biden,OVER VOTES,UNDER VOTES,Mary (MJ) Hegar,Victor Hugo Harris,Amanda K. Edwards,D. R. Hunter,Adrian Ocegueda,Chris Bell,"Jack Daniel Foster, Jr.",Sema Hernandez,Cristina Tzintzun Ramirez,Michael Cooper,Royce West,"Annie ""Mama"" Garcia",OVER VOTES,UNDER VOTES,Jessica Cisneros,Henry Cuellar,OVER VOTES,UNDER VOTES,"Roberto R. ""Beto"" Alonzo",Mark Watson,Kelly Stone,Chrysta Castaneda,OVER VOTES,UNDER VOTES,Amy Clark Meachum,Jerry Zimmerer,OVER VOTES,UNDER VOTES,Larry Praeger,Kathy Cheng,OVER VOTES,UNDER VOTES,Brandy Voss,Staci Williams,OVER VOTES,UNDER VOTES,Peter Kelly,Gisela D. Triana,OVER VOTES,UNDER VOTES,Elizabeth Davis Frizell,Dan Wood,William Pieratt Demond,OVER VOTES,UNDER VOTES,Tina Clinton,Steven Miears,OVER VOTES,UNDER VOTES,Brandon Birmingham,OVER VOTES,UNDER VOTES,Georgina Perez,OVER VOTES,UNDER VOTES,Roland Gutierrez,Freddy Ramirez,Xochil Pena Rodriguez,OVER VOTES,UNDER VOTES,Judith Zaffirini,OVER VOTES,UNDER VOTES,Ryan Guillen,OVER VOTES,UNDER VOTES,Rebeca Martinez,OVER VOTES,UNDER VOTES,Rick Luna,OVER VOTES,UNDER VOTES,David Caballero,OVER VOTES,UNDER VOTES,Eliseo Perez,OVER VOTES,UNDER VOTES,"Armando ""Mando"" Vidales",Albert Estrada Trevino,OVER VOTES,UNDER VOTES,Julie E. Hilberg,OVER VOTES,UNDER VOTES,Yes,No,OVER VOTES,UNDER VOTES,Yes,No,OVER VOTES,UNDER VOTES,Yes,No,OVER VOTES,UNDER VOTES,Yes,No,OVER VOTES,UNDER VOTES,Yes,No,OVER VOTES,UNDER VOTES,Yes,No,OVER VOTES,UNDER VOTES,Yes,No,OVER VOTES,UNDER VOTES,Yes,No,OVER VOTES,UNDER VOTES,Yes,No,OVER VOTES,UNDER VOTES,Yes,No,OVER VOTES,UNDER VOTES,Yes,No,OVER VOTES,UNDER VOTES
ATASC,1,VB #1,0,0,0,0,109,80,29,0,0,0,77,0,0,0,1,0,1,0,1,9,5,56,8,1,0,1,77,0,3,55,24,0,1,79,0,1,77,0,3,79,0,1,79,0,1,42,37,0,1,79,0,1,79,0,1,78,0,2,79,0,1,0,0,0,79,0,1,78,0,2,80,0,0,79,0,1,63,17,0,0,79,0,1,0,0,0,0,0,0,0,0,0,0,0,0,0,0,29,24,27,0,0,48,31,0,1,0,0,0,0,0,0,0,0,0,0,0,0,67,13,0,0,67,13,0,0,77,3,0,0,76,3,0,1,70,9,0,1,71,9,0,0,77,2,0,1,77,3,0,0,75,5,0,0,73,6,0,1,0,0,4,0,9,0,0,0,1,0,0,1,0,0,0,0,14,0,0,2,0,3,1,0,1,0,5,9,1,2,4,0,1,11,18,0,0,13,4,2,9,0,1,15,13,0,1,11,17,0,1,6,22,0,1,10,18,0,1,17,10,1,0,1,23,5,0,1,28,0,1,28,0,1,9,5,14,0,1,0,0,0,29,0,0,28,0,1,26,0,3,0,0,0,0,0,0,0,0,0,0,28,0,1,28,0,0,1,29,0,0,0,28,1,0,0,29,0,0,0,29,0,0,0,29,0,0,0,29,0,0,0,29,0,0,0,28,1,0,0,26,2,0,1,25,3,0,1
ATASC,1,VB #1,0,0,0,0,129,107,22,0,0,0,102,0,0,0,0,0,5,0,0,10,4,87,4,1,0,1,100,0,7,78,28,0,1,104,0,3,104,0,3,106,0,1,105,0,2,52,53,0,2,104,0,3,105,0,2,104,0,3,103,0,4,0,0,0,105,0,2,104,0,3,104,0,3,103,0,4,88,19,0,0,105,0,2,0,0,0,0,0,0,0,0,0,0,0,0,0,0,53,42,10,0,2,54,51,0,2,0,0,0,0,0,0,0,0,0,0,0,0,82,24,0,1,87,20,0,0,100,6,0,1,100,7,0,0,97,9,0,1,98,9,0,0,107,0,0,0,106,1,0,0,100,7,0,0,96,10,0,1,0,0,5,0,3,0,0,0,1,0,0,1,0,3,0,1,8,0,0,5,3,3,0,0,1,0,1,5,0,1,3,0,0,10,12,0,0,12,4,2,3,0,1,19,2,0,1,12,9,0,1,11,10,0,1,7,14,0,1,17,3,1,0,1,16,5,0,1,20,0,2,20,0,2,13,1,8,0,0,0,0,0,21,0,1,20,0,2,21,0,1,0,0,0,0,0,0,0,0,0,0,20,0,2,19,3,0,0,20,2,0,0,21,1,0,0,21,1,0,0,21,1,0,0,21,1,0,0,20,2,0,0,21,1,0,0,21,1,0,0,19,3,0,0,19,3,0,0
ATASC,1,VB #1,0,0,0,0,0,0,0,0,0,0,0,0,0,0,0,0,0,0,0,0,0,0,0,0,0,0,0,0,0,0,0,0,0,0,0,0,0,0,0,0,0,0,0,0,0,0,0,0,0,0,0,0,0,0,0,0,0,0,0,0,0,0,0,0,0,0,0,0,0,0,0,0,0,0,0,0,0,0,0,0,0,0,0,0,0,0,0,0,0,0,0,0,0,0,0,0,0,0,0,0,0,0,0,0,0,0,0,0,0,0,0,0,0,0,0,0,0,0,0,0,0,0,0,0,0,0,0,0,0,0,0,0,0,0,0,0,0,0,0,0,0,0,0,0,0,0,0,0,0,0,0,0,0,0,0,0,0,0,0,0,0,0,0,0,0,0,0,0,0,0,0,0,0,0,0,0,0,0,0,0,0,0,0,0,0,0,0,0,0,0,0,0,0,0,0,0,0,0,0,0,0,0,0,0,0,0,0,0,0,0,0,0,0,0,0,0,0,0,0,0,0,0,0,0,0,0,0,0,0,0,0,0,0,0,0,0,0,0,0,0,0,0,0,0,0,0,0,0,0,0,0,0,0,0,0,0,0,0,0,0,0,0,0,0,0,0,0,0,0,0,0,0,0,0,0,0,0,0,0,0,0,0,0,0,0,0,0,0,0,0,0,0,0,0,0,0,0,0,0,0,0,0,0,0,0,0
ATASC,1,VB #1,0,0,0,0,8,2,6,0,0,0,2,0,0,0,0,0,0,0,0,0,0,2,0,0,0,0,0,0,2,2,0,0,0,0,0,2,0,0,2,0,0,2,0,0,2,0,0,0,2,0,0,2,0,0,2,0,0,2,0,0,2,0,0,0,0,0,2,0,0,2,0,0,2,2,0,0,2,0,0,0,0,0,2,0,0,0,0,0,0,0,0,0,0,0,0,0,0,2,0,0,0,0,0,0,0,2,0,0,0,0,0,0,0,0,0,0,0,0,1,0,0,1,2,0,0,0,0,0,0,2,0,0,0,2,0,0,0,2,0,0,0,2,2,0,0,0,0,0,0,2,2,0,0,0,2,0,0,0,0,0,0,0,0,0,0,0,1,0,0,1,0,0,0,0,3,1,0,0,1,0,0,0,0,0,2,0,0,0,3,0,0,0,6,0,0,5,0,0,1,0,0,3,3,0,0,4,2,0,0,3,3,0,0,4,2,0,0,4,2,0,0,0,4,2,0,0,6,0,0,6,0,0,6,0,0,0,0,0,0,0,6,0,0,6,0,0,6,0,0,0,0,0,0,0,0,0,0,0,0,6,0,0,6,0,0,0,6,0,0,0,6,0,0,0,6,0,0,0,6,0,0,0,6,0,0,0,6,0,0,0,6,0,0,0,6,0,0,0,6,0,0,0,6,0,0,0
ATASC,1,VB #1,0,0,0,0,0,0,0,0,0,0,0,0,0,0,0,0,0,0,0,0,0,0,0,0,0,0,0,0,0,0,0,0,0,0,0,0,0,0,0,0,0,0,0,0,0,0,0,0,0,0,0,0,0,0,0,0,0,0,0,0,0,0,0,0,0,0,0,0,0,0,0,0,0,0,0,0,0,0,0,0,0,0,0,0,0,0,0,0,0,0,0,0,0,0,0,0,0,0,0,0,0,0,0,0,0,0,0,0,0,0,0,0,0,0,0,0,0,0,0,0,0,0,0,0,0,0,0,0,0,0,0,0,0,0,0,0,0,0,0,0,0,0,0,0,0,0,0,0,0,0,0,0,0,0,0,0,0,0,0,0,0,0,0,0,0,0,0,0,0,0,0,0,0,0,0,0,0,0,0,0,0,0,0,0,0,0,0,0,0,0,0,0,0,0,0,0,0,0,0,0,0,0,0,0,0,0,0,0,0,0,0,0,0,0,0,0,0,0,0,0,0,0,0,0,0,0,0,0,0,0,0,0,0,0,0,0,0,0,0,0,0,0,0,0,0,0,0,0,0,0,0,0,0,0,0,0,0,0,0,0,0,0,0,0,0,0,0,0,0,0,0,0,0,0,0,0,0,0,0,0,0,0,0,0,0,0,0,0,0,0,0,0,0,0,0,0,0,0,0,0,0,0,0,0,0,0
ATASC,2,VB #2,0,0,0,0,119,69,50,0,0,0,68,0,0,0,0,0,1,0,0,7,8,48,6,0,0,0,68,0,1,48,18,0,3,66,0,3,65,0,4,64,0,5,63,0,6,43,24,0,2,64,0,5,65,0,4,62,0,7,65,0,4,0,0,0,65,0,4,65,0,4,63,0,6,65,0,4,51,17,0,1,67,0,2,0,0,0,0,0,0,0,0,64,0,5,0,0,0,0,0,0,0,0,41,26,0,2,0,0,0,0,0,0,0,0,0,0,0,0,64,5,0,0,63,5,0,1,68,1,0,0,67,1,0,1,61,8,0,0,64,5,0,0,67,2,0,0,68,1,0,0,65,4,0,0,64,4,0,1,0,0,1,0,17,1,0,0,0,0,0,5,0,0,0,0,26,0,0,11,2,4,1,0,1,0,8,12,1,1,7,0,2,31,18,0,1,21,2,12,11,0,4,35,12,0,3,8,38,0,4,16,30,0,4,13,33,0,4,34,8,4,0,4,34,12,0,4,44,0,6,44,0,6,20,7,20,0,3,0,0,0,44,0,6,46,0,4,46,0,4,0,0,0,0,0,0,0,0,0,0,45,0,5,47,3,0,0,49,1,0,0,50,0,0,0,49,1,0,0,49,0,0,1,49,0,0,1,46,4,0,0,44,4,0,2,48,1,0,1,49,0,0,1,42,6,0,2
ATASC,2,VB #2,0,0,0,0,51,36,15,0,0,0,34,0,0,1,0,0,1,0,0,2,2,26,3,2,0,1,33,0,3,20,14,0,2,34,0,2,35,0,1,33,0,3,33,0,3,13,22,0,1,33,0,3,34,0,2,31,0,5,34,0,2,0,0,0,32,0,4,33,0,3,35,0,1,33,0,3,29,7,0,0,36,0,0,0,0,0,0,0,0,0,0,35,0,1,0,0,0,0,0,0,0,0,21,12,0,3,0,0,0,0,0,0,0,0,0,0,0,0,29,6,0,1,33,2,0,1,32,3,0,1,34,1,0,1,33,1,0,2,30,3,0,3,35,0,0,1,35,0,0,1,32,3,0,1,35,0,0,1,0,0,6,0,5,0,0,0,0,0,0,0,0,2,0,0,2,0,0,3,0,3,0,0,0,0,1,4,1,0,2,0,1,5,10,0,0,4,3,1,6,0,1,11,3,0,1,4,10,0,1,5,9,0,1,4,10,0,1,12,1,1,0,1,11,3,0,1,13,0,2,13,0,2,7,0,7,0,1,0,0,0,14,0,1,13,0,2,13,0,2,0,0,0,0,0,0,0,0,0,0,13,0,2,13,2,0,0,12,3,0,0,13,2,0,0,13,2,0,0,13,2,0,0,12,3,0,0,14,1,0,0,12,3,0,0,13,2,0,0,13,2,0,0,13,2,0,0
ATASC,2,VB #2,0,0,0,0,0,0,0,0,0,0,0,0,0,0,0,0,0,0,0,0,0,0,0,0,0,0,0,0,0,0,0,0,0,0,0,0,0,0,0,0,0,0,0,0,0,0,0,0,0,0,0,0,0,0,0,0,0,0,0,0,0,0,0,0,0,0,0,0,0,0,0,0,0,0,0,0,0,0,0,0,0,0,0,0,0,0,0,0,0,0,0,0,0,0,0,0,0,0,0,0,0,0,0,0,0,0,0,0,0,0,0,0,0,0,0,0,0,0,0,0,0,0,0,0,0,0,0,0,0,0,0,0,0,0,0,0,0,0,0,0,0,0,0,0,0,0,0,0,0,0,0,0,0,0,0,0,0,0,0,0,0,0,0,0,0,0,0,0,0,0,0,0,0,0,0,0,0,0,0,0,0,0,0,0,0,0,0,0,0,0,0,0,0,0,0,0,0,0,0,0,0,0,0,0,0,0,0,0,0,0,0,0,0,0,0,0,0,0,0,0,0,0,0,0,0,0,0,0,0,0,0,0,0,0,0,0,0,0,0,0,0,0,0,0,0,0,0,0,0,0,0,0,0,0,0,0,0,0,0,0,0,0,0,0,0,0,0,0,0,0,0,0,0,0,0,0,0,0,0,0,0,0,0,0,0,0,0,0,0,0,0,0,0,0,0,0,0,0,0,0,0,0,0,0,0,0
ATASC,2,VB #2,0,0,0,0,17,3,14,0,0,0,3,0,0,0,0,0,0,0,0,0,0,3,0,0,0,0,3,0,0,2,1,0,0,3,0,0,3,0,0,3,0,0,3,0,0,2,1,0,0,2,0,1,3,0,0,3,0,0,3,0,0,0,0,0,3,0,0,3,0,0,3,0,0,3,0,0,2,1,0,0,3,0,0,0,0,0,0,0,0,0,0,3,0,0,0,0,0,0,0,0,0,0,2,1,0,0,0,0,0,0,0,0,0,0,0,0,0,0,2,0,0,1,3,0,0,0,3,0,0,0,3,0,0,0,2,1,0,0,2,1,0,0,3,0,0,0,3,0,0,0,3,0,0,0,3,0,0,0,0,0,4,1,3,0,0,0,0,0,0,2,0,0,0,0,3,1,0,6,0,1,0,0,2,0,1,1,1,0,0,0,2,6,8,0,0,5,4,1,2,0,2,6,6,0,2,3,10,0,1,3,9,0,2,8,3,0,3,11,2,0,0,1,11,1,0,2,9,0,5,9,0,5,5,2,5,0,2,0,0,0,9,0,5,12,0,2,12,0,2,0,0,0,0,0,0,0,0,0,0,13,0,1,12,2,0,0,14,0,0,0,14,0,0,0,13,0,0,1,13,0,0,1,13,0,0,1,13,0,0,1,13,0,0,1,13,0,0,1,13,1,0,0,13,1,0,0
ATASC,2,VB #2,0,0,0,0,0,0,0,0,0,0,0,0,0,0,0,0,0,0,0,0,0,0,0,0,0,0,0,0,0,0,0,0,0,0,0,0,0,0,0,0,0,0,0,0,0,0,0,0,0,0,0,0,0,0,0,0,0,0,0,0,0,0,0,0,0,0,0,0,0,0,0,0,0,0,0,0,0,0,0,0,0,0,0,0,0,0,0,0,0,0,0,0,0,0,0,0,0,0,0,0,0,0,0,0,0,0,0,0,0,0,0,0,0,0,0,0,0,0,0,0,0,0,0,0,0,0,0,0,0,0,0,0,0,0,0,0,0,0,0,0,0,0,0,0,0,0,0,0,0,0,0,0,0,0,0,0,0,0,0,0,0,0,0,0,0,0,0,0,0,0,0,0,0,0,0,0,0,0,0,0,0,0,0,0,0,0,0,0,0,0,0,0,0,0,0,0,0,0,0,0,0,0,0,0,0,0,0,0,0,0,0,0,0,0,0,0,0,0,0,0,0,0,0,0,0,0,0,0,0,0,0,0,0,0,0,0,0,0,0,0,0,0,0,0,0,0,0,0,0,0,0,0,0,0,0,0,0,0,0,0,0,0,0,0,0,0,0,0,0,0,0,0,0,0,0,0,0,0,0,0,0,0,0,0,0,0,0,0,0,0,0,0,0,0,0,0,0,0,0,0,0,0,0,0,0,0
ATASC,3,VB #3,0,0,0,0,196,115,81,0,0,0,99,2,0,2,0,0,11,0,1,15,13,72,10,1,0,4,107,0,8,81,27,0,7,112,0,3,109,0,6,110,0,5,108,0,7,63,42,0,10,109,0,6,109,0,6,108,0,7,110,0,5,0,0,0,108,0,7,107,0,8,111,0,4,109,0,6,85,28,0,2,112,0,3,0,0,0,0,0,0,0,0,0,0,0,0,0,0,61,16,37,0,1,66,42,0,7,0,0,0,0,0,0,0,0,0,0,0,0,93,21,0,1,93,21,0,1,105,8,0,2,99,15,0,1,97,16,0,2,103,11,0,1,112,2,0,1,113,1,0,1,110,4,0,1,98,16,0,1,1,0,16,0,25,0,0,0,2,0,1,4,1,0,0,0,28,0,3,11,7,3,1,3,5,1,4,21,2,2,13,0,8,38,42,0,1,39,8,9,20,0,5,52,23,0,6,36,40,0,5,26,49,0,6,22,51,0,8,50,18,6,0,7,53,22,0,6,77,0,4,77,0,4,34,13,28,0,6,0,0,0,77,0,4,78,0,3,76,0,5,0,0,0,0,0,0,0,0,0,0,74,0,7,75,6,0,0,79,2,0,0,80,1,0,0,74,7,0,0,77,4,0,0,78,3,0,0,74,7,0,0,79,2,0,0,78,3,0,0,74,7,0,0,74,6,0,1
ATASC,3,VB #3,0,0,0,0,205,154,51,0,0,0,143,1,0,2,0,0,8,0,0,11,14,110,14,0,0,5,143,0,11,105,40,0,9,144,0,10,143,0,11,145,0,9,142,0,12,75,64,0,15,140,0,14,141,0,13,140,0,14,145,0,9,0,0,0,139,0,15,141,0,13,142,0,12,145,0,9,115,36,0,3,148,0,6,0,0,0,0,0,0,0,0,0,0,0,0,0,0,77,53,21,0,3,91,53,0,10,0,0,0,0,0,0,0,0,0,0,0,0,134,19,0,1,130,23,0,1,137,15,0,2,139,12,0,3,133,20,0,1,147,4,0,3,147,3,0,4,147,5,0,2,144,8,0,2,145,8,0,1,1,1,3,5,18,1,0,1,0,0,0,1,0,2,0,2,14,0,2,12,1,5,0,0,3,2,2,8,0,5,9,0,4,20,30,0,1,18,3,6,20,0,4,35,13,0,3,18,30,0,3,16,31,0,4,16,32,0,3,32,10,6,0,3,38,10,0,3,46,0,5,49,0,2,29,8,11,0,3,0,0,0,48,0,3,49,0,2,49,0,2,0,0,0,0,0,0,0,0,0,0,48,0,3,49,1,0,1,48,2,0,1,50,0,0,1,48,2,0,1,48,2,0,1,49,1,0,1,47,3,0,1,50,0,0,1,50,0,0,1,46,4,0,1,47,3,0,1
ATASC,3,VB #3,0,0,0,0,0,0,0,0,0,0,0,0,0,0,0,0,0,0,0,0,0,0,0,0,0,0,0,0,0,0,0,0,0,0,0,0,0,0,0,0,0,0,0,0,0,0,0,0,0,0,0,0,0,0,0,0,0,0,0,0,0,0,0,0,0,0,0,0,0,0,0,0,0,0,0,0,0,0,0,0,0,0,0,0,0,0,0,0,0,0,0,0,0,0,0,0,0,0,0,0,0,0,0,0,0,0,0,0,0,0,0,0,0,0,0,0,0,0,0,0,0,0,0,0,0,0,0,0,0,0,0,0,0,0,0,0,0,0,0,0,0,0,0,0,0,0,0,0,0,0,0,0,0,0,0,0,0,0,0,0,0,0,0,0,0,0,0,0,0,0,0,0,0,0,0,0,0,0,0,0,0,0,0,0,0,0,0,0,0,0,0,0,0,0,0,0,0,0,0,0,0,0,0,0,0,0,0,0,0,0,0,0,0,0,0,0,0,0,0,0,0,0,0,0,0,0,0,0,0,0,0,0,0,0,0,0,0,0,0,0,0,0,0,0,0,0,0,0,0,0,0,0,0,0,0,0,0,0,0,0,0,0,0,0,0,0,0,0,0,0,0,0,0,0,0,0,0,0,0,0,0,0,0,0,0,0,0,0,0,0,0,0,0,0,0,0,0,0,0,0,0,0,0,0,0,0
ATASC,3,VB #3,0,0,0,0,22,1,21,0,0,0,1,0,0,0,0,0,0,0,0,0,0,1,0,0,0,0,1,0,0,1,0,0,0,1,0,0,1,0,0,1,0,0,1,0,0,0,1,0,0,1,0,0,1,0,0,1,0,0,1,0,0,0,0,0,1,0,0,1,0,0,1,0,0,1,0,0,1,0,0,0,1,0,0,0,0,0,0,0,0,0,0,0,0,0,0,0,0,1,0,0,0,0,0,1,0,0,0,0,0,0,0,0,0,0,0,0,0,0,1,0,0,0,1,0,0,0,1,0,0,0,1,0,0,0,1,0,0,0,1,0,0,0,1,0,0,0,1,0,0,0,1,0,0,0,1,0,0,0,0,0,7,3,1,0,0,0,1,0,0,1,0,0,0,0,8,0,0,3,2,2,1,0,0,0,2,5,1,0,1,0,4,0,21,0,0,7,3,2,6,2,1,14,6,0,1,7,12,0,2,8,11,0,2,7,11,0,3,11,8,0,0,2,15,4,0,2,18,0,3,19,0,2,12,3,4,0,2,0,0,0,20,0,1,17,0,4,18,0,3,0,0,0,0,0,0,0,0,0,0,21,0,0,18,2,0,1,19,1,0,1,19,1,0,1,20,0,0,1,19,1,0,1,19,1,0,1,19,1,0,1,20,0,0,1,20,0,0,1,19,0,0,2,20,0,0,1
ATASC,3,VB #3,0,0,0,0,1,0,1,0,0,0,0,0,0,0,0,0,0,0,0,0,0,0,0,0,0,0,0,0,0,0,0,0,0,0,0,0,0,0,0,0,0,0,0,0,0,0,0,0,0,0,0,0,0,0,0,0,0,0,0,0,0,0,0,0,0,0,0,0,0,0,0,0,0,0,0,0,0,0,0,0,0,0,0,0,0,0,0,0,0,0,0,0,0,0,0,0,0,0,0,0,0,0,0,0,0,0,0,0,0,0,0,0,0,0,0,0,0,0,0,0,0,0,0,0,0,0,0,0,0,0,0,0,0,0,0,0,0,0,0,0,0,0,0,0,0,0,0,0,0,0,0,0,0,0,0,0,0,0,0,0,0,0,0,0,0,0,0,0,0,0,0,0,0,0,1,0,0,0,0,0,1,0,0,0,0,0,0,0,0,0,0,0,1,0,0,0,1,0,0,0,0,1,0,0,0,1,0,0,0,0,1,0,0,1,0,0,0,1,0,0,0,0,1,0,0,0,1,0,0,1,0,0,0,0,1,0,0,0,0,0,1,0,0,1,0,0,1,0,0,0,0,0,0,0,0,0,0,0,0,1,0,0,1,0,0,0,0,1,0,0,1,0,0,0,1,0,0,0,1,0,0,0,1,0,0,0,1,0,0,0,1,0,0,0,1,0,0,0,1,0,0,0,1,0,0,0
ATASC,4,VB #4,0,0,0,0,42,28,14,0,0,0,27,0,0,1,0,0,0,0,0,2,2,21,1,0,0,2,24,0,4,18,8,0,2,24,0,4,23,0,5,23,0,5,22,0,6,11,15,0,2,24,0,4,23,0,5,23,0,5,0,0,0,23,0,5,23,0,5,22,0,6,22,0,6,23,0,5,26,2,0,0,26,0,2,0,0,0,0,0,0,0,0,0,0,0,0,0,0,12,9,7,0,0,16,10,0,2,0,0,0,0,0,0,0,0,0,0,0,0,21,7,0,0,24,4,0,0,27,1,0,0,25,3,0,0,25,3,0,0,26,0,0,2,27,1,0,0,28,0,0,0,27,1,0,0,26,1,0,1,0,0,2,0,4,0,0,0,0,0,0,1,0,0,0,0,6,0,1,2,0,2,0,0,0,0,0,5,0,0,1,0,4,6,6,0,2,7,1,1,1,0,4,6,5,0,3,4,7,0,3,4,7,0,3,3,7,0,4,7,4,0,0,3,8,2,0,4,10,0,4,11,0,3,0,0,0,0,0,11,0,3,11,0,3,11,0,3,12,0,2,0,0,0,0,0,0,0,0,0,0,11,0,3,11,0,0,3,10,0,0,4,11,0,0,3,11,0,0,3,11,1,0,2,11,0,0,3,11,0,0,3,11,0,0,3,11,0,0,3,10,1,0,3,11,0,0,3
ATASC,4,VB #4,0,0,0,0,11,10,1,0,0,0,9,0,0,0,0,0,1,0,0,1,1,8,0,0,0,0,7,0,3,3,6,0,1,8,0,2,7,0,3,7,0,3,7,0,3,1,8,0,1,7,0,3,7,0,3,7,0,3,0,0,0,7,0,3,6,0,4,7,0,3,8,0,2,8,0,2,10,0,0,0,8,0,2,0,0,0,0,0,0,0,0,0,0,0,0,0,0,10,0,0,0,0,4,3,0,3,0,0,0,0,0,0,0,0,0,0,0,0,8,1,0,1,9,0,0,1,10,0,0,0,8,1,0,1,7,3,0,0,8,2,0,0,9,1,0,0,10,0,0,0,10,0,0,0,9,0,0,1,0,0,0,0,1,0,0,0,0,0,0,0,0,0,0,0,0,0,0,0,0,0,0,0,0,0,0,0,0,0,1,0,0,0,1,0,0,1,0,0,0,0,0,0,1,0,0,0,1,0,0,0,1,0,0,0,1,0,0,1,0,0,0,0,1,0,0,0,1,0,0,1,0,0,0,0,0,0,0,1,0,0,1,0,0,1,0,0,1,0,0,0,0,0,0,0,0,0,0,0,0,1,0,0,1,0,0,0,1,0,0,0,1,0,0,0,1,0,0,0,1,0,0,0,1,0,0,0,1,0,0,0,1,0,0,0,1,0,0,0,1,0,0,0,1,0,0,0
ATASC,4,VB #4,0,0,0,0,0,0,0,0,0,0,0,0,0,0,0,0,0,0,0,0,0,0,0,0,0,0,0,0,0,0,0,0,0,0,0,0,0,0,0,0,0,0,0,0,0,0,0,0,0,0,0,0,0,0,0,0,0,0,0,0,0,0,0,0,0,0,0,0,0,0,0,0,0,0,0,0,0,0,0,0,0,0,0,0,0,0,0,0,0,0,0,0,0,0,0,0,0,0,0,0,0,0,0,0,0,0,0,0,0,0,0,0,0,0,0,0,0,0,0,0,0,0,0,0,0,0,0,0,0,0,0,0,0,0,0,0,0,0,0,0,0,0,0,0,0,0,0,0,0,0,0,0,0,0,0,0,0,0,0,0,0,0,0,0,0,0,0,0,0,0,0,0,0,0,0,0,0,0,0,0,0,0,0,0,0,0,0,0,0,0,0,0,0,0,0,0,0,0,0,0,0,0,0,0,0,0,0,0,0,0,0,0,0,0,0,0,0,0,0,0,0,0,0,0,0,0,0,0,0,0,0,0,0,0,0,0,0,0,0,0,0,0,0,0,0,0,0,0,0,0,0,0,0,0,0,0,0,0,0,0,0,0,0,0,0,0,0,0,0,0,0,0,0,0,0,0,0,0,0,0,0,0,0,0,0,0,0,0,0,0,0,0,0,0,0,0,0,0,0,0,0,0,0,0,0,0
ATASC,4,VB #4,0,0,0,0,3,1,2,0,0,0,0,0,0,1,0,0,0,0,0,0,0,0,1,0,0,0,0,0,1,1,0,0,0,0,0,1,1,0,0,1,0,0,1,0,0,1,0,0,0,1,0,0,1,0,0,1,0,0,0,0,0,1,0,0,1,0,0,1,0,0,1,0,0,1,0,0,0,1,0,0,1,0,0,0,0,0,0,0,0,0,0,0,0,0,0,0,0,0,1,0,0,0,0,1,0,0,0,0,0,0,0,0,0,0,0,0,0,0,0,1,0,0,0,1,0,0,0,1,0,0,0,1,0,0,1,0,0,0,1,0,0,0,1,0,0,0,1,0,0,0,1,0,0,0,1,0,0,0,0,0,0,0,0,0,0,0,1,0,0,0,0,0,0,0,1,0,0,0,0,0,0,0,0,0,1,0,0,0,0,0,1,0,2,0,0,1,0,0,0,0,1,1,0,0,1,0,1,0,1,0,1,0,1,0,1,0,1,1,0,0,0,1,1,0,0,1,1,0,1,2,0,0,0,0,0,0,0,2,0,0,2,0,0,2,0,0,2,0,0,0,0,0,0,0,0,0,0,0,0,2,0,0,2,0,0,0,2,0,0,0,2,0,0,0,2,0,0,0,2,0,0,0,2,0,0,0,1,0,0,1,2,0,0,0,1,1,0,0,2,0,0,0,0,1,0,1
ATASC,4,VB #4,0,0,0,0,0,0,0,0,0,0,0,0,0,0,0,0,0,0,0,0,0,0,0,0,0,0,0,0,0,0,0,0,0,0,0,0,0,0,0,0,0,0,0,0,0,0,0,0,0,0,0,0,0,0,0,0,0,0,0,0,0,0,0,0,0,0,0,0,0,0,0,0,0,0,0,0,0,0,0,0,0,0,0,0,0,0,0,0,0,0,0,0,0,0,0,0,0,0,0,0,0,0,0,0,0,0,0,0,0,0,0,0,0,0,0,0,0,0,0,0,0,0,0,0,0,0,0,0,0,0,0,0,0,0,0,0,0,0,0,0,0,0,0,0,0,0,0,0,0,0,0,0,0,0,0,0,0,0,0,0,0,0,0,0,0,0,0,0,0,0,0,0,0,0,0,0,0,0,0,0,0,0,0,0,0,0,0,0,0,0,0,0,0,0,0,0,0,0,0,0,0,0,0,0,0,0,0,0,0,0,0,0,0,0,0,0,0,0,0,0,0,0,0,0,0,0,0,0,0,0,0,0,0,0,0,0,0,0,0,0,0,0,0,0,0,0,0,0,0,0,0,0,0,0,0,0,0,0,0,0,0,0,0,0,0,0,0,0,0,0,0,0,0,0,0,0,0,0,0,0,0,0,0,0,0,0,0,0,0,0,0,0,0,0,0,0,0,0,0,0,0,0,0,0,0,0
ATASC,5,VB #5,0,0,0,0,168,83,85,0,0,1,73,3,1,1,0,0,4,0,0,16,9,43,11,2,0,2,78,0,5,51,25,0,7,78,0,5,77,0,6,78,0,5,78,0,5,39,38,0,6,78,0,5,78,0,5,78,0,5,80,0,3,0,0,0,78,0,5,78,0,5,79,0,4,78,0,5,65,15,0,3,81,0,2,76,0,7,13,32,35,0,3,0,0,0,0,0,0,0,0,0,0,0,51,27,0,5,59,21,0,3,0,0,0,0,0,0,0,0,66,16,0,1,71,11,0,1,77,3,0,3,76,6,0,1,70,10,0,3,78,3,0,2,78,2,0,3,78,3,0,2,73,7,0,3,75,6,0,2,1,0,20,1,17,0,0,0,4,0,0,7,0,0,2,0,33,0,0,11,4,3,1,5,3,0,10,25,3,2,12,0,6,53,31,0,1,51,5,5,20,0,4,55,24,0,6,26,53,0,6,35,43,0,7,20,60,0,5,53,16,11,0,5,60,22,0,3,75,0,10,75,0,10,35,16,31,0,3,0,0,0,76,0,9,76,0,9,77,0,8,79,0,6,0,0,0,0,0,0,0,74,0,11,79,5,0,1,81,3,0,1,84,1,0,0,80,2,0,3,82,1,0,2,82,1,0,2,81,1,0,3,79,3,0,3,82,1,0,2,83,1,0,1,77,4,0,4
ATASC,5,VB #5,0,0,0,0,130,81,49,0,0,0,77,0,0,1,0,0,2,0,1,7,10,55,4,2,0,3,75,0,6,62,16,0,3,74,0,7,74,0,7,74,0,7,75,0,6,39,36,0,6,76,0,5,75,0,6,75,0,6,73,0,8,0,0,0,71,0,10,73,0,8,74,0,7,72,0,9,68,11,0,2,76,0,5,76,0,5,7,31,40,0,3,0,0,0,0,0,0,0,0,0,0,0,43,32,0,6,52,25,0,4,0,0,0,0,0,0,0,0,66,14,0,1,70,10,0,1,77,3,0,1,74,5,0,2,77,1,0,3,73,6,0,2,78,1,0,2,78,1,0,2,73,6,0,2,72,8,0,1,0,0,10,4,15,0,0,0,0,0,0,11,0,0,0,4,5,0,0,14,1,5,0,2,1,1,5,8,0,1,8,0,3,23,26,0,0,22,4,4,15,0,4,34,11,0,4,11,33,0,5,21,23,0,5,8,37,0,4,33,9,2,0,5,37,8,0,4,43,0,6,45,0,4,18,6,24,0,1,0,0,0,46,0,3,44,0,5,48,0,1,45,0,4,0,0,0,0,0,0,0,46,0,3,48,1,0,0,47,1,0,1,49,0,0,0,48,0,0,1,48,0,0,1,48,0,0,1,47,1,0,1,48,0,0,1,48,0,0,1,47,0,0,2,43,5,0,1
ATASC,5,VB #5,0,0,0,0,0,0,0,0,0,0,0,0,0,0,0,0,0,0,0,0,0,0,0,0,0,0,0,0,0,0,0,0,0,0,0,0,0,0,0,0,0,0,0,0,0,0,0,0,0,0,0,0,0,0,0,0,0,0,0,0,0,0,0,0,0,0,0,0,0,0,0,0,0,0,0,0,0,0,0,0,0,0,0,0,0,0,0,0,0,0,0,0,0,0,0,0,0,0,0,0,0,0,0,0,0,0,0,0,0,0,0,0,0,0,0,0,0,0,0,0,0,0,0,0,0,0,0,0,0,0,0,0,0,0,0,0,0,0,0,0,0,0,0,0,0,0,0,0,0,0,0,0,0,0,0,0,0,0,0,0,0,0,0,0,0,0,0,0,0,0,0,0,0,0,0,0,0,0,0,0,0,0,0,0,0,0,0,0,0,0,0,0,0,0,0,0,0,0,0,0,0,0,0,0,0,0,0,0,0,0,0,0,0,0,0,0,0,0,0,0,0,0,0,0,0,0,0,0,0,0,0,0,0,0,0,0,0,0,0,0,0,0,0,0,0,0,0,0,0,0,0,0,0,0,0,0,0,0,0,0,0,0,0,0,0,0,0,0,0,0,0,0,0,0,0,0,0,0,0,0,0,0,0,0,0,0,0,0,0,0,0,0,0,0,0,0,0,0,0,0,0,0,0,0,0,0
ATASC,5,VB #5,0,0,0,0,25,6,19,0,0,0,4,2,0,0,0,0,0,0,0,0,0,4,2,0,0,0,6,0,0,4,2,0,0,6,0,0,6,0,0,6,0,0,6,0,0,2,4,0,0,6,0,0,6,0,0,6,0,0,6,0,0,0,0,0,6,0,0,6,0,0,6,0,0,6,0,0,6,0,0,0,6,0,0,6,0,0,0,6,0,0,0,0,0,0,0,0,0,0,0,0,0,0,0,6,0,0,4,2,0,0,0,0,0,0,0,0,0,0,6,0,0,0,6,0,0,0,6,0,0,0,6,0,0,0,6,0,0,0,6,0,0,0,6,0,0,0,6,0,0,0,6,0,0,0,6,0,0,0,0,0,7,0,1,0,0,0,2,0,0,4,0,0,0,2,2,1,0,2,0,0,0,2,2,0,0,3,1,0,6,0,3,7,12,0,0,10,0,0,7,0,2,16,1,0,2,5,10,0,4,4,11,0,4,3,11,0,5,10,5,0,0,4,11,4,0,4,13,0,6,14,0,5,7,1,7,0,4,0,0,0,15,0,4,14,0,5,15,0,4,14,0,5,0,0,0,0,0,0,0,10,0,9,17,0,0,2,17,0,0,2,17,0,0,2,17,0,0,2,16,0,0,3,16,1,0,2,17,0,0,2,17,0,0,2,17,0,0,2,17,0,0,2,14,3,0,2
ATASC,5,VB #5,0,0,0,0,3,1,2,0,0,0,1,0,0,0,0,0,0,0,0,0,0,1,0,0,0,0,1,0,0,1,0,0,0,1,0,0,1,0,0,1,0,0,1,0,0,1,0,0,0,1,0,0,1,0,0,1,0,0,1,0,0,0,0,0,1,0,0,1,0,0,1,0,0,1,0,0,1,0,0,0,1,0,0,1,0,0,0,1,0,0,0,0,0,0,0,0,0,0,0,0,0,0,0,1,0,0,0,1,0,0,0,0,0,0,0,0,0,0,1,0,0,0,1,0,0,0,1,0,0,0,0,1,0,0,0,1,0,0,1,0,0,0,1,0,0,0,1,0,0,0,1,0,0,0,1,0,0,0,0,0,0,0,0,0,0,0,0,0,0,0,0,0,0,0,2,0,0,2,0,0,0,0,0,0,0,0,0,0,0,0,0,2,0,0,0,0,2,0,0,0,0,2,0,0,0,2,0,0,0,0,2,0,0,2,0,0,0,2,0,0,0,0,2,0,0,0,2,0,0,2,0,0,0,2,0,0,0,0,0,0,2,0,0,2,0,0,2,0,0,2,0,0,0,0,0,0,0,0,0,2,0,0,2,0,0,0,2,0,0,0,2,0,0,0,2,0,0,0,0,2,0,0,2,0,0,0,0,2,0,0,2,0,0,0,2,0,0,0,0,2,0,0,2,0,0,0
ATASC,6,VB #6,0,0,0,0,10,8,2,0,0,0,7,0,0,0,0,0,1,0,0,3,2,2,0,1,0,0,6,0,2,7,1,0,0,7,0,1,7,0,1,7,0,1,7,0,1,3,5,0,0,7,0,1,7,0,1,7,0,1,0,0,0,8,0,0,7,0,1,7,0,1,7,0,1,8,0,0,7,1,0,0,8,0,0,0,0,0,0,0,0,0,0,0,0,0,0,0,0,4,1,3,0,0,5,3,0,0,0,0,0,0,0,0,0,0,0,0,0,0,8,0,0,0,7,1,0,0,8,0,0,0,8,0,0,0,8,0,0,0,8,0,0,0,8,0,0,0,8,0,0,0,8,0,0,0,7,1,0,0,0,0,0,0,1,0,0,0,0,0,0,0,0,0,0,0,1,0,0,0,0,0,0,0,0,0,1,0,0,1,0,0,0,1,1,0,0,1,1,0,0,0,0,2,0,0,0,1,1,0,0,1,1,0,0,1,1,0,0,2,0,0,0,0,2,0,0,0,2,0,0,2,0,0,0,0,0,0,0,2,0,0,2,0,0,2,0,0,2,0,0,0,0,0,0,0,0,0,0,0,0,2,0,0,2,0,0,0,2,0,0,0,2,0,0,0,2,0,0,0,2,0,0,0,2,0,0,0,2,0,0,0,2,0,0,0,2,0,0,0,2,0,0,0,2,0,0,0
ATASC,6,VB #6,0,0,0,0,20,18,2,0,0,0,18,0,0,0,0,0,0,0,0,2,2,14,0,0,0,0,17,0,1,18,0,0,0,18,0,0,18,0,0,18,0,0,18,0,0,9,9,0,0,18,0,0,18,0,0,18,0,0,0,0,0,18,0,0,18,0,0,18,0,0,18,0,0,18,0,0,17,1,0,0,18,0,0,0,0,0,0,0,0,0,0,0,0,0,0,0,0,13,5,0,0,0,15,3,0,0,0,0,0,0,0,0,0,0,0,0,0,0,16,2,0,0,18,0,0,0,16,1,0,1,18,0,0,0,17,1,0,0,17,0,0,1,17,0,0,1,17,0,0,1,17,0,0,1,16,2,0,0,0,0,0,1,0,0,0,0,0,0,0,0,0,0,0,0,1,0,0,0,0,0,1,0,0,0,0,0,1,0,0,0,0,0,2,0,0,1,1,0,0,0,0,2,0,0,0,1,1,0,0,1,1,0,0,2,0,0,0,1,1,0,0,0,2,0,0,0,2,0,0,2,0,0,0,0,0,0,0,2,0,0,2,0,0,2,0,0,2,0,0,0,0,0,0,0,0,0,0,0,0,2,0,0,2,0,0,0,1,1,0,0,2,0,0,0,2,0,0,0,2,0,0,0,2,0,0,0,2,0,0,0,2,0,0,0,2,0,0,0,2,0,0,0,2,0,0,0
ATASC,6,VB #6,0,0,0,0,0,0,0,0,0,0,0,0,0,0,0,0,0,0,0,0,0,0,0,0,0,0,0,0,0,0,0,0,0,0,0,0,0,0,0,0,0,0,0,0,0,0,0,0,0,0,0,0,0,0,0,0,0,0,0,0,0,0,0,0,0,0,0,0,0,0,0,0,0,0,0,0,0,0,0,0,0,0,0,0,0,0,0,0,0,0,0,0,0,0,0,0,0,0,0,0,0,0,0,0,0,0,0,0,0,0,0,0,0,0,0,0,0,0,0,0,0,0,0,0,0,0,0,0,0,0,0,0,0,0,0,0,0,0,0,0,0,0,0,0,0,0,0,0,0,0,0,0,0,0,0,0,0,0,0,0,0,0,0,0,0,0,0,0,0,0,0,0,0,0,0,0,0,0,0,0,0,0,0,0,0,0,0,0,0,0,0,0,0,0,0,0,0,0,0,0,0,0,0,0,0,0,0,0,0,0,0,0,0,0,0,0,0,0,0,0,0,0,0,0,0,0,0,0,0,0,0,0,0,0,0,0,0,0,0,0,0,0,0,0,0,0,0,0,0,0,0,0,0,0,0,0,0,0,0,0,0,0,0,0,0,0,0,0,0,0,0,0,0,0,0,0,0,0,0,0,0,0,0,0,0,0,0,0,0,0,0,0,0,0,0,0,0,0,0,0,0,0,0,0,0,0
ATASC,6,VB #6,0,0,0,0,3,1,2,0,0,0,1,0,0,0,0,0,0,0,0,0,0,1,0,0,0,0,1,0,0,1,0,0,0,1,0,0,1,0,0,1,0,0,1,0,0,1,0,0,0,1,0,0,1,0,0,1,0,0,0,0,0,1,0,0,1,0,0,1,0,0,1,0,0,1,0,0,1,0,0,0,1,0,0,0,0,0,0,0,0,0,0,0,0,0,0,0,0,1,0,0,0,0,0,1,0,0,0,0,0,0,0,0,0,0,0,0,0,0,1,0,0,0,1,0,0,0,1,0,0,0,0,1,0,0,1,0,0,0,1,0,0,0,1,0,0,0,1,0,0,0,1,0,0,0,1,0,0,0,0,0,0,2,0,0,0,0,0,0,0,0,0,0,0,0,0,0,0,0,0,0,0,0,0,0,0,0,0,0,0,0,2,0,2,0,0,0,0,0,0,0,2,0,0,0,2,0,0,0,2,0,0,0,2,0,0,0,2,0,0,0,0,2,0,0,0,2,0,0,2,0,0,2,0,0,0,0,0,2,0,0,2,0,0,0,0,2,2,0,0,0,0,0,0,0,0,0,0,0,0,2,0,0,0,2,0,0,2,0,0,0,0,2,0,0,0,2,0,0,0,2,0,0,0,2,0,0,0,2,0,0,2,0,0,0,0,2,0,0,0,2,0,0,0,2,0,0
ATASC,6,VB #6,0,0,0,0,0,0,0,0,0,0,0,0,0,0,0,0,0,0,0,0,0,0,0,0,0,0,0,0,0,0,0,0,0,0,0,0,0,0,0,0,0,0,0,0,0,0,0,0,0,0,0,0,0,0,0,0,0,0,0,0,0,0,0,0,0,0,0,0,0,0,0,0,0,0,0,0,0,0,0,0,0,0,0,0,0,0,0,0,0,0,0,0,0,0,0,0,0,0,0,0,0,0,0,0,0,0,0,0,0,0,0,0,0,0,0,0,0,0,0,0,0,0,0,0,0,0,0,0,0,0,0,0,0,0,0,0,0,0,0,0,0,0,0,0,0,0,0,0,0,0,0,0,0,0,0,0,0,0,0,0,0,0,0,0,0,0,0,0,0,0,0,0,0,0,0,0,0,0,0,0,0,0,0,0,0,0,0,0,0,0,0,0,0,0,0,0,0,0,0,0,0,0,0,0,0,0,0,0,0,0,0,0,0,0,0,0,0,0,0,0,0,0,0,0,0,0,0,0,0,0,0,0,0,0,0,0,0,0,0,0,0,0,0,0,0,0,0,0,0,0,0,0,0,0,0,0,0,0,0,0,0,0,0,0,0,0,0,0,0,0,0,0,0,0,0,0,0,0,0,0,0,0,0,0,0,0,0,0,0,0,0,0,0,0,0,0,0,0,0,0,0,0,0,0,0,0
ATASC,7,VB #7,0,0,0,0,227,142,85,0,0,0,134,0,0,1,0,0,3,0,4,27,14,78,13,1,0,9,130,0,12,101,33,0,8,131,0,11,129,0,13,129,0,13,131,0,11,56,73,0,13,130,0,12,131,0,11,129,0,13,135,0,7,0,0,0,130,0,12,127,0,15,131,0,11,135,0,7,117,24,0,1,135,0,7,139,0,3,30,59,49,0,4,0,0,0,0,0,0,0,0,0,0,0,82,50,0,10,0,0,0,0,0,0,0,0,0,0,0,0,121,18,0,3,119,18,0,5,128,7,0,7,131,6,0,5,128,10,0,4,131,6,0,5,134,3,0,5,136,1,0,5,126,11,0,5,128,8,0,6,0,0,16,0,25,0,0,0,1,1,0,11,0,1,0,0,29,0,1,10,7,9,1,2,4,3,10,21,1,1,4,0,12,41,42,0,2,38,9,11,20,0,7,59,16,0,10,28,50,0,7,36,41,0,8,24,53,0,8,51,19,6,0,9,60,17,0,8,70,0,15,75,0,10,39,5,36,0,5,0,0,0,78,0,7,72,0,13,83,0,2,70,0,15,0,0,0,0,0,0,0,72,0,13,81,3,0,1,78,3,0,4,80,1,0,4,78,3,0,4,78,3,0,4,84,0,0,1,77,3,0,5,78,3,0,4,80,2,0,3,79,3,0,3,76,4,0,5
ATASC,7,VB #7,0,0,0,0,104,77,27,0,0,0,75,0,0,0,1,0,1,0,0,8,2,58,5,0,0,4,75,0,2,52,20,0,5,73,0,4,72,0,5,72,0,5,71,0,6,36,32,0,9,68,0,9,68,0,9,68,0,9,67,0,10,0,0,0,67,0,10,68,0,9,69,0,8,68,0,9,67,6,0,4,74,0,3,73,0,4,13,30,31,0,3,0,0,0,0,0,0,0,0,0,0,0,45,22,0,10,0,0,0,0,0,0,0,0,0,0,0,0,61,15,0,1,62,14,0,1,68,7,0,2,70,5,0,2,68,7,0,2,71,5,0,1,74,2,0,1,74,2,0,1,69,3,0,5,66,9,0,2,0,0,1,1,10,0,0,0,3,0,1,1,0,1,1,3,5,0,0,6,1,2,2,0,1,0,4,5,0,2,4,0,0,11,16,0,0,13,5,4,5,0,0,20,6,0,1,11,16,0,0,8,17,0,2,8,19,0,0,17,6,3,0,1,23,3,0,1,24,0,3,24,0,3,10,4,13,0,0,0,0,0,24,0,3,25,0,2,26,0,1,22,0,5,0,0,0,0,0,0,0,24,0,3,23,4,0,0,24,3,0,0,25,2,0,0,25,1,0,1,25,1,0,1,26,1,0,0,24,2,0,1,25,2,0,0,24,2,0,1,23,3,0,1,23,3,0,1
ATASC,7,VB #7,0,0,0,0,1,1,0,0,0,0,1,0,0,0,0,0,0,0,0,0,0,1,0,0,0,0,1,0,0,1,0,0,0,1,0,0,1,0,0,1,0,0,1,0,0,0,1,0,0,1,0,0,1,0,0,1,0,0,1,0,0,0,0,0,1,0,0,1,0,0,1,0,0,1,0,0,0,1,0,0,1,0,0,1,0,0,0,0,1,0,0,0,0,0,0,0,0,0,0,0,0,0,1,0,0,0,0,0,0,0,0,0,0,0,0,0,0,0,1,0,0,0,1,0,0,0,1,0,0,0,1,0,0,0,1,0,0,0,1,0,0,0,1,0,0,0,1,0,0,0,1,0,0,0,1,0,0,0,0,0,0,0,0,0,0,0,0,0,0,0,0,0,0,0,0,0,0,0,0,0,0,0,0,0,0,0,0,0,0,0,0,0,0,0,0,0,0,0,0,0,0,0,0,0,0,0,0,0,0,0,0,0,0,0,0,0,0,0,0,0,0,0,0,0,0,0,0,0,0,0,0,0,0,0,0,0,0,0,0,0,0,0,0,0,0,0,0,0,0,0,0,0,0,0,0,0,0,0,0,0,0,0,0,0,0,0,0,0,0,0,0,0,0,0,0,0,0,0,0,0,0,0,0,0,0,0,0,0,0,0,0,0,0,0,0,0,0,0,0,0,0,0,0,0,0,0
ATASC,7,VB #7,0,0,0,0,15,2,13,0,0,0,2,0,0,0,0,0,0,0,0,0,0,2,0,0,0,0,2,0,0,2,0,0,0,2,0,0,2,0,0,2,0,0,2,0,0,0,2,0,0,2,0,0,2,0,0,2,0,0,2,0,0,0,0,0,2,0,0,2,0,0,2,0,0,2,0,0,2,0,0,0,2,0,0,2,0,0,0,0,2,0,0,0,0,0,0,0,0,0,0,0,0,0,0,2,0,0,0,0,0,0,0,0,0,0,0,0,0,0,2,0,0,0,2,0,0,0,2,0,0,0,2,0,0,0,2,0,0,0,2,0,0,0,2,0,0,0,2,0,0,0,2,0,0,0,2,0,0,0,0,0,4,0,4,0,0,0,0,0,0,1,0,0,0,0,3,0,1,2,0,0,0,0,0,0,3,3,0,1,1,0,3,6,6,0,1,2,0,3,4,0,4,9,1,0,3,5,4,0,4,5,4,0,4,2,7,0,4,6,0,3,0,4,9,2,0,2,8,0,5,8,0,5,8,0,3,0,2,0,0,0,10,0,3,10,0,3,10,0,3,11,0,2,0,0,0,0,0,0,0,4,0,9,13,0,0,0,13,0,0,0,13,0,0,0,11,0,0,2,12,0,0,1,12,0,0,1,11,1,0,1,11,0,0,2,11,0,0,2,13,0,0,0,11,2,0,0
ATASC,7,VB #7,0,0,0,0,1,0,1,0,0,0,0,0,0,0,0,0,0,0,0,0,0,0,0,0,0,0,0,0,0,0,0,0,0,0,0,0,0,0,0,0,0,0,0,0,0,0,0,0,0,0,0,0,0,0,0,0,0,0,0,0,0,0,0,0,0,0,0,0,0,0,0,0,0,0,0,0,0,0,0,0,0,0,0,0,0,0,0,0,0,0,0,0,0,0,0,0,0,0,0,0,0,0,0,0,0,0,0,0,0,0,0,0,0,0,0,0,0,0,0,0,0,0,0,0,0,0,0,0,0,0,0,0,0,0,0,0,0,0,0,0,0,0,0,0,0,0,0,0,0,0,0,0,0,0,0,0,0,0,0,0,0,0,1,0,0,0,0,0,0,0,0,0,0,0,0,0,0,0,0,1,0,0,0,0,0,0,0,0,0,0,0,1,0,0,0,0,0,0,1,0,0,1,0,0,0,0,1,0,0,0,1,0,0,0,1,0,0,1,0,0,0,0,1,0,0,0,1,0,0,1,0,0,0,0,1,0,0,0,0,0,1,0,0,1,0,0,1,0,0,1,0,0,0,0,0,0,0,0,0,1,0,0,1,0,0,0,1,0,0,0,1,0,0,0,1,0,0,0,1,0,0,0,1,0,0,0,1,0,0,0,1,0,0,0,1,0,0,0,1,0,0,0,1,0,0,0
ATASC,8,VB #8,0,0,0,0,80,44,36,0,1,0,41,0,0,1,0,0,1,0,1,5,2,34,2,1,0,0,42,0,2,37,7,0,0,42,0,2,42,0,2,43,0,1,43,0,1,22,21,0,1,43,0,1,43,0,1,42,0,2,42,0,2,0,0,0,42,0,2,43,0,1,43,0,1,43,0,1,33,11,0,0,43,0,1,0,0,0,0,0,0,0,0,41,0,3,0,0,0,0,0,0,0,0,27,17,0,0,0,0,0,0,0,0,0,0,0,0,0,0,41,3,0,0,38,6,0,0,39,4,0,1,41,3,0,0,36,7,0,1,43,1,0,0,44,0,0,0,44,0,0,0,41,2,0,1,38,3,0,3,1,0,9,0,9,0,0,0,2,0,0,3,0,2,0,0,7,0,3,5,4,4,1,0,2,1,1,8,0,0,2,0,8,9,26,0,1,19,5,3,3,0,6,17,12,0,7,13,14,0,9,14,15,0,7,13,15,0,8,16,10,3,0,7,20,9,0,7,28,0,8,29,0,7,16,8,9,0,3,0,0,0,32,0,4,30,0,6,33,0,3,0,0,0,0,0,0,0,0,0,0,29,0,7,29,4,0,3,29,4,0,3,31,1,0,4,30,3,0,3,31,2,0,3,33,0,0,3,27,4,0,5,31,1,0,4,32,1,0,3,27,5,0,4,29,3,0,4
ATASC,8,VB #8,0,0,0,0,66,40,26,0,0,0,40,0,0,0,0,0,0,0,0,4,7,25,3,0,0,1,37,0,3,23,11,0,6,38,0,2,39,0,1,38,0,2,37,0,3,16,20,0,4,38,0,2,38,0,2,39,0,1,38,0,2,0,0,0,38,0,2,38,0,2,38,0,2,36,0,4,28,12,0,0,40,0,0,0,0,0,0,0,0,0,0,36,0,4,0,0,0,0,0,0,0,0,22,15,0,3,0,0,0,0,0,0,0,0,0,0,0,0,33,7,0,0,33,7,0,0,37,2,0,1,38,1,0,1,36,3,0,1,37,2,0,1,39,0,0,1,38,0,0,2,31,7,0,2,39,1,0,0,1,0,7,2,11,0,0,0,2,0,0,0,0,2,0,0,1,0,0,6,0,1,0,1,0,1,5,4,1,0,3,0,4,13,13,0,0,12,4,1,7,0,2,12,10,0,4,8,14,0,4,9,12,0,5,7,16,0,3,14,5,3,0,4,17,5,0,4,20,0,6,21,0,5,13,4,7,0,2,0,0,0,23,0,3,23,0,3,26,0,0,0,0,0,0,0,0,0,0,0,0,22,0,4,24,0,0,2,24,0,0,2,24,0,0,2,23,1,0,2,24,0,0,2,23,1,0,2,23,0,0,3,22,1,0,3,24,0,0,2,22,2,0,2,22,1,0,3
ATASC,8,VB #8,0,0,0,0,0,0,0,0,0,0,0,0,0,0,0,0,0,0,0,0,0,0,0,0,0,0,0,0,0,0,0,0,0,0,0,0,0,0,0,0,0,0,0,0,0,0,0,0,0,0,0,0,0,0,0,0,0,0,0,0,0,0,0,0,0,0,0,0,0,0,0,0,0,0,0,0,0,0,0,0,0,0,0,0,0,0,0,0,0,0,0,0,0,0,0,0,0,0,0,0,0,0,0,0,0,0,0,0,0,0,0,0,0,0,0,0,0,0,0,0,0,0,0,0,0,0,0,0,0,0,0,0,0,0,0,0,0,0,0,0,0,0,0,0,0,0,0,0,0,0,0,0,0,0,0,0,0,0,0,0,0,0,0,0,0,0,0,0,0,0,0,0,0,0,0,0,0,0,0,0,0,0,0,0,0,0,0,0,0,0,0,0,0,0,0,0,0,0,0,0,0,0,0,0,0,0,0,0,0,0,0,0,0,0,0,0,0,0,0,0,0,0,0,0,0,0,0,0,0,0,0,0,0,0,0,0,0,0,0,0,0,0,0,0,0,0,0,0,0,0,0,0,0,0,0,0,0,0,0,0,0,0,0,0,0,0,0,0,0,0,0,0,0,0,0,0,0,0,0,0,0,0,0,0,0,0,0,0,0,0,0,0,0,0,0,0,0,0,0,0,0,0,0,0,0,0
ATASC,8,VB #8,0,0,0,0,1,0,1,0,0,0,0,0,0,0,0,0,0,0,0,0,0,0,0,0,0,0,0,0,0,0,0,0,0,0,0,0,0,0,0,0,0,0,0,0,0,0,0,0,0,0,0,0,0,0,0,0,0,0,0,0,0,0,0,0,0,0,0,0,0,0,0,0,0,0,0,0,0,0,0,0,0,0,0,0,0,0,0,0,0,0,0,0,0,0,0,0,0,0,0,0,0,0,0,0,0,0,0,0,0,0,0,0,0,0,0,0,0,0,0,0,0,0,0,0,0,0,0,0,0,0,0,0,0,0,0,0,0,0,0,0,0,0,0,0,0,0,0,0,0,0,0,0,0,0,0,0,0,0,0,0,1,0,0,0,0,0,0,0,0,0,0,0,0,0,0,0,0,0,0,0,0,0,0,0,0,1,0,0,0,0,0,0,1,0,0,0,0,0,1,0,0,1,0,0,0,0,1,0,0,0,1,0,0,0,1,0,0,1,0,0,0,0,1,0,0,0,0,0,1,1,0,0,0,0,1,0,0,0,0,0,0,0,1,1,0,0,1,0,0,0,0,0,0,0,0,0,0,0,0,1,0,0,0,1,0,0,0,1,0,0,1,0,0,0,1,0,0,0,1,0,0,0,1,0,0,0,0,1,0,0,1,0,0,0,1,0,0,0,1,0,0,0,1,0,0,0
ATASC,8,VB #8,0,0,0,0,0,0,0,0,0,0,0,0,0,0,0,0,0,0,0,0,0,0,0,0,0,0,0,0,0,0,0,0,0,0,0,0,0,0,0,0,0,0,0,0,0,0,0,0,0,0,0,0,0,0,0,0,0,0,0,0,0,0,0,0,0,0,0,0,0,0,0,0,0,0,0,0,0,0,0,0,0,0,0,0,0,0,0,0,0,0,0,0,0,0,0,0,0,0,0,0,0,0,0,0,0,0,0,0,0,0,0,0,0,0,0,0,0,0,0,0,0,0,0,0,0,0,0,0,0,0,0,0,0,0,0,0,0,0,0,0,0,0,0,0,0,0,0,0,0,0,0,0,0,0,0,0,0,0,0,0,0,0,0,0,0,0,0,0,0,0,0,0,0,0,0,0,0,0,0,0,0,0,0,0,0,0,0,0,0,0,0,0,0,0,0,0,0,0,0,0,0,0,0,0,0,0,0,0,0,0,0,0,0,0,0,0,0,0,0,0,0,0,0,0,0,0,0,0,0,0,0,0,0,0,0,0,0,0,0,0,0,0,0,0,0,0,0,0,0,0,0,0,0,0,0,0,0,0,0,0,0,0,0,0,0,0,0,0,0,0,0,0,0,0,0,0,0,0,0,0,0,0,0,0,0,0,0,0,0,0,0,0,0,0,0,0,0,0,0,0,0,0,0,0,0,0
ATASC,9,VB #9,0,0,0,0,25,19,6,0,0,0,19,0,0,0,0,0,0,0,0,2,1,13,1,1,0,1,19,0,0,16,2,0,1,19,0,0,19,0,0,19,0,0,18,0,1,13,5,0,1,19,0,0,19,0,0,19,0,0,0,0,0,19,0,0,19,0,0,19,0,0,19,0,0,19,0,0,15,4,0,0,19,0,0,0,0,0,0,0,0,0,0,0,0,0,0,0,0,5,12,2,0,0,14,4,0,1,0,0,0,0,0,0,0,0,0,0,0,0,18,1,0,0,17,2,0,0,18,1,0,0,18,1,0,0,14,5,0,0,18,1,0,0,18,1,0,0,19,0,0,0,19,0,0,0,17,2,0,0,0,0,1,0,1,0,0,0,0,0,0,2,0,0,0,0,2,0,0,0,0,0,0,1,1,2,0,0,1,0,1,0,0,2,4,0,0,3,1,2,0,0,0,4,2,0,0,1,5,0,0,3,3,0,0,3,3,0,0,3,2,1,0,0,5,1,0,0,6,0,0,6,0,0,0,0,0,0,0,6,0,0,6,0,0,6,0,0,5,0,1,0,0,0,0,0,0,0,0,0,0,6,0,0,4,2,0,0,5,1,0,0,5,1,0,0,5,1,0,0,5,1,0,0,5,1,0,0,5,1,0,0,5,1,0,0,5,1,0,0,5,1,0,0,4,2,0,0
ATASC,9,VB #9,0,0,0,0,12,12,0,0,0,0,11,0,0,0,0,0,1,0,0,1,0,11,0,0,0,0,11,0,1,11,1,0,0,11,0,1,11,0,1,11,0,1,11,0,1,6,6,0,0,11,0,1,11,0,1,11,0,1,0,0,0,11,0,1,11,0,1,11,0,1,12,0,0,11,0,1,12,0,0,0,12,0,0,0,0,0,0,0,0,0,0,0,0,0,0,0,0,1,9,2,0,0,7,5,0,0,0,0,0,0,0,0,0,0,0,0,0,0,10,1,0,1,11,0,0,1,11,0,0,1,11,0,0,1,8,3,0,1,10,1,0,1,10,1,0,1,11,0,0,1,10,1,0,1,12,0,0,0,0,0,0,0,0,0,0,0,0,0,0,0,0,0,0,0,0,0,0,0,0,0,0,0,0,0,0,0,0,0,0,0,0,0,0,0,0,0,0,0,0,0,0,0,0,0,0,0,0,0,0,0,0,0,0,0,0,0,0,0,0,0,0,0,0,0,0,0,0,0,0,0,0,0,0,0,0,0,0,0,0,0,0,0,0,0,0,0,0,0,0,0,0,0,0,0,0,0,0,0,0,0,0,0,0,0,0,0,0,0,0,0,0,0,0,0,0,0,0,0,0,0,0,0,0,0,0,0,0,0,0,0,0,0,0,0,0,0,0,0,0,0,0,0,0,0,0,0
ATASC,9,VB #9,0,0,0,0,0,0,0,0,0,0,0,0,0,0,0,0,0,0,0,0,0,0,0,0,0,0,0,0,0,0,0,0,0,0,0,0,0,0,0,0,0,0,0,0,0,0,0,0,0,0,0,0,0,0,0,0,0,0,0,0,0,0,0,0,0,0,0,0,0,0,0,0,0,0,0,0,0,0,0,0,0,0,0,0,0,0,0,0,0,0,0,0,0,0,0,0,0,0,0,0,0,0,0,0,0,0,0,0,0,0,0,0,0,0,0,0,0,0,0,0,0,0,0,0,0,0,0,0,0,0,0,0,0,0,0,0,0,0,0,0,0,0,0,0,0,0,0,0,0,0,0,0,0,0,0,0,0,0,0,0,0,0,0,0,0,0,0,0,0,0,0,0,0,0,0,0,0,0,0,0,0,0,0,0,0,0,0,0,0,0,0,0,0,0,0,0,0,0,0,0,0,0,0,0,0,0,0,0,0,0,0,0,0,0,0,0,0,0,0,0,0,0,0,0,0,0,0,0,0,0,0,0,0,0,0,0,0,0,0,0,0,0,0,0,0,0,0,0,0,0,0,0,0,0,0,0,0,0,0,0,0,0,0,0,0,0,0,0,0,0,0,0,0,0,0,0,0,0,0,0,0,0,0,0,0,0,0,0,0,0,0,0,0,0,0,0,0,0,0,0,0,0,0,0,0,0
ATASC,9,VB #9,0,0,0,0,2,0,2,0,0,0,0,0,0,0,0,0,0,0,0,0,0,0,0,0,0,0,0,0,0,0,0,0,0,0,0,0,0,0,0,0,0,0,0,0,0,0,0,0,0,0,0,0,0,0,0,0,0,0,0,0,0,0,0,0,0,0,0,0,0,0,0,0,0,0,0,0,0,0,0,0,0,0,0,0,0,0,0,0,0,0,0,0,0,0,0,0,0,0,0,0,0,0,0,0,0,0,0,0,0,0,0,0,0,0,0,0,0,0,0,0,0,0,0,0,0,0,0,0,0,0,0,0,0,0,0,0,0,0,0,0,0,0,0,0,0,0,0,0,0,0,0,0,0,0,0,0,0,0,0,0,2,0,0,0,0,0,0,0,0,0,0,0,0,0,0,0,0,0,0,0,0,0,2,0,0,0,0,0,0,0,0,0,2,0,0,0,2,0,0,0,0,0,2,0,0,2,0,0,0,0,2,0,0,2,0,0,0,0,2,0,0,0,0,2,0,0,2,0,0,2,0,0,0,0,0,0,0,2,0,0,2,0,0,2,0,0,0,0,2,0,0,0,0,0,0,0,0,0,0,2,0,0,0,2,0,0,0,2,0,0,2,0,0,0,2,0,0,0,2,0,0,0,2,0,0,0,2,0,0,0,2,0,0,0,2,0,0,0,0,2,0,0,0,2,0,0
ATASC,9,VB #9,0,0,0,0,0,0,0,0,0,0,0,0,0,0,0,0,0,0,0,0,0,0,0,0,0,0,0,0,0,0,0,0,0,0,0,0,0,0,0,0,0,0,0,0,0,0,0,0,0,0,0,0,0,0,0,0,0,0,0,0,0,0,0,0,0,0,0,0,0,0,0,0,0,0,0,0,0,0,0,0,0,0,0,0,0,0,0,0,0,0,0,0,0,0,0,0,0,0,0,0,0,0,0,0,0,0,0,0,0,0,0,0,0,0,0,0,0,0,0,0,0,0,0,0,0,0,0,0,0,0,0,0,0,0,0,0,0,0,0,0,0,0,0,0,0,0,0,0,0,0,0,0,0,0,0,0,0,0,0,0,0,0,0,0,0,0,0,0,0,0,0,0,0,0,0,0,0,0,0,0,0,0,0,0,0,0,0,0,0,0,0,0,0,0,0,0,0,0,0,0,0,0,0,0,0,0,0,0,0,0,0,0,0,0,0,0,0,0,0,0,0,0,0,0,0,0,0,0,0,0,0,0,0,0,0,0,0,0,0,0,0,0,0,0,0,0,0,0,0,0,0,0,0,0,0,0,0,0,0,0,0,0,0,0,0,0,0,0,0,0,0,0,0,0,0,0,0,0,0,0,0,0,0,0,0,0,0,0,0,0,0,0,0,0,0,0,0,0,0,0,0,0,0,0,0,0
ATASC,10,VB #10,0,0,0,0,218,131,87,0,0,0,123,2,0,1,0,0,5,0,0,18,10,90,11,0,0,2,126,0,5,92,37,0,2,122,0,9,123,0,8,125,0,6,123,0,8,60,68,0,3,122,0,9,126,0,5,124,0,7,128,0,3,0,0,0,122,0,9,122,0,9,125,0,6,126,0,5,100,28,0,3,125,0,6,0,0,0,0,0,0,0,0,125,0,6,0,0,0,0,0,0,0,0,74,51,0,6,0,0,0,0,0,0,0,0,0,0,0,0,105,25,0,1,101,28,0,2,114,15,0,2,119,10,0,2,118,11,0,2,114,13,0,4,122,7,0,2,125,4,0,2,117,11,0,3,115,14,0,2,2,1,18,0,26,0,0,0,2,0,0,8,0,2,1,1,25,0,1,6,7,5,1,6,4,1,12,22,3,1,10,0,9,35,46,0,6,47,13,4,17,0,6,54,25,0,8,34,47,0,6,37,44,0,6,31,48,0,8,41,25,15,0,6,55,23,0,9,74,0,13,76,0,11,30,22,29,0,6,0,0,0,80,0,7,78,0,9,81,0,6,0,0,0,0,0,0,0,0,0,0,79,0,8,80,7,0,0,79,8,0,0,83,2,0,2,78,8,0,1,83,4,0,0,80,2,0,5,78,8,0,1,81,6,0,0,82,3,0,2,77,9,0,1,77,8,0,2
ATASC,10,VB #10,0,0,0,0,95,57,38,0,0,0,54,0,0,0,0,0,3,0,0,5,1,45,4,1,0,1,55,0,2,33,23,0,1,56,0,1,56,0,1,55,0,2,55,0,2,20,35,0,2,55,0,2,54,0,3,54,0,3,54,0,3,0,0,0,56,0,1,54,0,3,56,0,1,57,0,0,47,10,0,0,57,0,0,0,0,0,0,0,0,0,0,57,0,0,0,0,0,0,0,0,0,0,31,25,0,1,0,0,0,0,0,0,0,0,0,0,0,0,53,3,0,1,50,7,0,0,52,5,0,0,54,3,0,0,56,1,0,0,54,3,0,0,56,1,0,0,57,0,0,0,52,5,0,0,53,2,0,2,1,0,5,2,10,0,0,0,0,0,1,3,0,0,0,0,15,0,1,6,0,4,1,0,2,2,0,9,2,1,5,0,6,17,20,0,1,21,2,10,4,0,1,28,6,0,4,9,24,0,5,6,27,0,5,9,24,0,5,25,6,2,0,5,28,6,0,4,32,0,6,36,0,2,12,7,15,0,4,0,0,0,34,0,4,35,0,3,33,0,5,0,0,0,0,0,0,0,0,0,0,33,0,5,37,1,0,0,35,3,0,0,37,1,0,0,37,1,0,0,37,1,0,0,37,1,0,0,37,1,0,0,37,1,0,0,36,1,0,1,35,2,0,1,32,4,0,2
ATASC,10,VB #10,0,0,0,0,0,0,0,0,0,0,0,0,0,0,0,0,0,0,0,0,0,0,0,0,0,0,0,0,0,0,0,0,0,0,0,0,0,0,0,0,0,0,0,0,0,0,0,0,0,0,0,0,0,0,0,0,0,0,0,0,0,0,0,0,0,0,0,0,0,0,0,0,0,0,0,0,0,0,0,0,0,0,0,0,0,0,0,0,0,0,0,0,0,0,0,0,0,0,0,0,0,0,0,0,0,0,0,0,0,0,0,0,0,0,0,0,0,0,0,0,0,0,0,0,0,0,0,0,0,0,0,0,0,0,0,0,0,0,0,0,0,0,0,0,0,0,0,0,0,0,0,0,0,0,0,0,0,0,0,0,0,0,0,0,0,0,0,0,0,0,0,0,0,0,0,0,0,0,0,0,0,0,0,0,0,0,0,0,0,0,0,0,0,0,0,0,0,0,0,0,0,0,0,0,0,0,0,0,0,0,0,0,0,0,0,0,0,0,0,0,0,0,0,0,0,0,0,0,0,0,0,0,0,0,0,0,0,0,0,0,0,0,0,0,0,0,0,0,0,0,0,0,0,0,0,0,0,0,0,0,0,0,0,0,0,0,0,0,0,0,0,0,0,0,0,0,0,0,0,0,0,0,0,0,0,0,0,0,0,0,0,0,0,0,0,0,0,0,0,0,0,0,0,0,0,0
ATASC,10,VB #10,0,0,0,0,7,1,6,0,0,0,1,0,0,0,0,0,0,0,0,0,0,1,0,0,0,0,1,0,0,0,1,0,0,1,0,0,1,0,0,1,0,0,1,0,0,0,1,0,0,1,0,0,1,0,0,1,0,0,1,0,0,0,0,0,1,0,0,1,0,0,1,0,0,0,0,1,1,0,0,0,1,0,0,0,0,0,0,0,0,0,0,1,0,0,0,0,0,0,0,0,0,0,0,1,0,0,0,0,0,0,0,0,0,0,0,0,0,0,1,0,0,0,1,0,0,0,1,0,0,0,1,0,0,0,1,0,0,0,1,0,0,0,1,0,0,0,1,0,0,0,1,0,0,0,1,0,0,0,0,0,2,1,1,0,0,0,0,0,0,1,0,0,0,0,1,0,0,2,0,0,0,0,1,0,0,1,0,0,1,0,1,2,4,0,0,2,1,0,1,0,2,3,1,0,2,1,3,0,2,1,2,0,3,0,4,0,2,3,1,0,0,2,3,1,0,2,3,0,3,4,0,2,2,1,1,0,2,0,0,0,6,0,0,3,0,3,4,0,2,0,0,0,0,0,0,0,0,0,0,4,0,2,5,1,0,0,5,1,0,0,6,0,0,0,5,1,0,0,5,0,0,1,5,0,0,1,5,1,0,0,5,0,0,1,5,0,0,1,6,0,0,0,5,1,0,0
ATASC,10,VB #10,0,0,0,0,0,0,0,0,0,0,0,0,0,0,0,0,0,0,0,0,0,0,0,0,0,0,0,0,0,0,0,0,0,0,0,0,0,0,0,0,0,0,0,0,0,0,0,0,0,0,0,0,0,0,0,0,0,0,0,0,0,0,0,0,0,0,0,0,0,0,0,0,0,0,0,0,0,0,0,0,0,0,0,0,0,0,0,0,0,0,0,0,0,0,0,0,0,0,0,0,0,0,0,0,0,0,0,0,0,0,0,0,0,0,0,0,0,0,0,0,0,0,0,0,0,0,0,0,0,0,0,0,0,0,0,0,0,0,0,0,0,0,0,0,0,0,0,0,0,0,0,0,0,0,0,0,0,0,0,0,0,0,0,0,0,0,0,0,0,0,0,0,0,0,0,0,0,0,0,0,0,0,0,0,0,0,0,0,0,0,0,0,0,0,0,0,0,0,0,0,0,0,0,0,0,0,0,0,0,0,0,0,0,0,0,0,0,0,0,0,0,0,0,0,0,0,0,0,0,0,0,0,0,0,0,0,0,0,0,0,0,0,0,0,0,0,0,0,0,0,0,0,0,0,0,0,0,0,0,0,0,0,0,0,0,0,0,0,0,0,0,0,0,0,0,0,0,0,0,0,0,0,0,0,0,0,0,0,0,0,0,0,0,0,0,0,0,0,0,0,0,0,0,0,0,0
ATASC,11,VB #11,0,0,0,0,21,18,3,0,0,0,17,0,0,0,0,0,1,0,0,0,1,17,0,0,0,0,15,0,3,14,4,0,0,16,0,2,15,0,3,15,0,3,14,0,4,7,10,0,1,16,0,2,14,0,4,15,0,3,0,0,0,14,0,4,15,0,3,16,0,2,15,0,3,16,0,2,18,0,0,0,16,0,2,0,0,0,0,0,0,0,0,0,0,0,0,0,0,12,5,0,0,1,9,8,0,1,0,0,0,0,0,0,0,0,0,0,0,0,13,5,0,0,12,5,0,1,16,2,0,0,16,1,0,1,16,1,0,1,15,3,0,0,16,2,0,0,16,2,0,0,16,1,0,1,14,4,0,0,0,0,0,0,0,0,0,0,0,0,0,0,0,1,0,0,2,0,0,0,0,1,0,0,0,1,0,1,0,0,0,0,0,3,0,0,0,0,2,1,0,0,0,1,2,0,0,2,1,0,0,2,1,0,0,2,1,0,0,2,1,0,0,0,1,2,0,0,3,0,0,3,0,0,0,0,0,0,0,3,0,0,3,0,0,3,0,0,3,0,0,0,0,0,0,0,0,0,0,0,0,3,0,0,3,0,0,0,2,1,0,0,3,0,0,0,2,1,0,0,2,1,0,0,3,0,0,0,2,1,0,0,2,1,0,0,3,0,0,0,2,1,0,0,3,0,0,0
ATASC,11,VB #11,0,0,0,0,3,3,0,0,0,0,3,0,0,0,0,0,0,0,0,0,0,3,0,0,0,0,1,0,2,2,0,0,1,1,0,2,2,0,1,2,0,1,2,0,1,1,0,0,2,2,0,1,2,0,1,1,0,2,0,0,0,1,0,2,1,0,2,2,0,1,1,0,2,3,0,0,3,0,0,0,3,0,0,0,0,0,0,0,0,0,0,0,0,0,0,0,0,2,1,0,0,0,2,0,0,1,0,0,0,0,0,0,0,0,0,0,0,0,2,1,0,0,2,1,0,0,3,0,0,0,3,0,0,0,3,0,0,0,3,0,0,0,3,0,0,0,3,0,0,0,2,1,0,0,2,0,0,1,0,0,0,0,0,0,0,0,0,0,0,0,0,0,0,0,0,0,0,0,0,0,0,0,0,0,0,0,0,0,0,0,0,0,0,0,0,0,0,0,0,0,0,0,0,0,0,0,0,0,0,0,0,0,0,0,0,0,0,0,0,0,0,0,0,0,0,0,0,0,0,0,0,0,0,0,0,0,0,0,0,0,0,0,0,0,0,0,0,0,0,0,0,0,0,0,0,0,0,0,0,0,0,0,0,0,0,0,0,0,0,0,0,0,0,0,0,0,0,0,0,0,0,0,0,0,0,0,0,0,0,0,0,0,0,0,0,0,0,0,0,0,0,0,0,0,0,0
ATASC,11,VB #11,0,0,0,0,0,0,0,0,0,0,0,0,0,0,0,0,0,0,0,0,0,0,0,0,0,0,0,0,0,0,0,0,0,0,0,0,0,0,0,0,0,0,0,0,0,0,0,0,0,0,0,0,0,0,0,0,0,0,0,0,0,0,0,0,0,0,0,0,0,0,0,0,0,0,0,0,0,0,0,0,0,0,0,0,0,0,0,0,0,0,0,0,0,0,0,0,0,0,0,0,0,0,0,0,0,0,0,0,0,0,0,0,0,0,0,0,0,0,0,0,0,0,0,0,0,0,0,0,0,0,0,0,0,0,0,0,0,0,0,0,0,0,0,0,0,0,0,0,0,0,0,0,0,0,0,0,0,0,0,0,0,0,0,0,0,0,0,0,0,0,0,0,0,0,0,0,0,0,0,0,0,0,0,0,0,0,0,0,0,0,0,0,0,0,0,0,0,0,0,0,0,0,0,0,0,0,0,0,0,0,0,0,0,0,0,0,0,0,0,0,0,0,0,0,0,0,0,0,0,0,0,0,0,0,0,0,0,0,0,0,0,0,0,0,0,0,0,0,0,0,0,0,0,0,0,0,0,0,0,0,0,0,0,0,0,0,0,0,0,0,0,0,0,0,0,0,0,0,0,0,0,0,0,0,0,0,0,0,0,0,0,0,0,0,0,0,0,0,0,0,0,0,0,0,0,0
ATASC,11,VB #11,0,0,0,0,3,0,3,0,0,0,0,0,0,0,0,0,0,0,0,0,0,0,0,0,0,0,0,0,0,0,0,0,0,0,0,0,0,0,0,0,0,0,0,0,0,0,0,0,0,0,0,0,0,0,0,0,0,0,0,0,0,0,0,0,0,0,0,0,0,0,0,0,0,0,0,0,0,0,0,0,0,0,0,0,0,0,0,0,0,0,0,0,0,0,0,0,0,0,0,0,0,0,0,0,0,0,0,0,0,0,0,0,0,0,0,0,0,0,0,0,0,0,0,0,0,0,0,0,0,0,0,0,0,0,0,0,0,0,0,0,0,0,0,0,0,0,0,0,0,0,0,0,0,0,0,0,0,0,0,0,2,0,0,0,0,0,0,0,0,0,0,0,0,0,1,0,0,0,1,0,0,0,0,0,0,2,0,0,0,0,0,0,3,0,0,2,0,1,0,0,0,2,1,0,0,0,3,0,0,0,3,0,0,1,2,0,0,1,0,2,0,0,0,3,0,0,3,0,0,3,0,0,0,0,0,0,0,3,0,0,3,0,0,3,0,0,3,0,0,0,0,0,0,0,0,0,0,0,0,3,0,0,3,0,0,0,3,0,0,0,3,0,0,0,3,0,0,0,3,0,0,0,3,0,0,0,3,0,0,0,3,0,0,0,3,0,0,0,3,0,0,0,3,0,0,0
ATASC,11,VB #11,0,0,0,0,0,0,0,0,0,0,0,0,0,0,0,0,0,0,0,0,0,0,0,0,0,0,0,0,0,0,0,0,0,0,0,0,0,0,0,0,0,0,0,0,0,0,0,0,0,0,0,0,0,0,0,0,0,0,0,0,0,0,0,0,0,0,0,0,0,0,0,0,0,0,0,0,0,0,0,0,0,0,0,0,0,0,0,0,0,0,0,0,0,0,0,0,0,0,0,0,0,0,0,0,0,0,0,0,0,0,0,0,0,0,0,0,0,0,0,0,0,0,0,0,0,0,0,0,0,0,0,0,0,0,0,0,0,0,0,0,0,0,0,0,0,0,0,0,0,0,0,0,0,0,0,0,0,0,0,0,0,0,0,0,0,0,0,0,0,0,0,0,0,0,0,0,0,0,0,0,0,0,0,0,0,0,0,0,0,0,0,0,0,0,0,0,0,0,0,0,0,0,0,0,0,0,0,0,0,0,0,0,0,0,0,0,0,0,0,0,0,0,0,0,0,0,0,0,0,0,0,0,0,0,0,0,0,0,0,0,0,0,0,0,0,0,0,0,0,0,0,0,0,0,0,0,0,0,0,0,0,0,0,0,0,0,0,0,0,0,0,0,0,0,0,0,0,0,0,0,0,0,0,0,0,0,0,0,0,0,0,0,0,0,0,0,0,0,0,0,0,0,0,0,0,0
ATASC,12,VB #12,0,0,0,0,165,106,59,0,0,0,97,1,0,0,1,1,4,0,2,5,21,72,6,0,0,2,102,0,4,58,44,0,4,101,0,5,103,0,3,101,0,5,103,0,3,57,44,0,5,102,0,4,103,0,3,102,0,4,102,0,4,0,0,0,101,0,5,102,0,4,102,0,4,103,0,3,78,26,0,2,103,0,3,0,0,0,0,0,0,0,0,103,0,3,0,0,0,0,0,0,0,0,63,42,0,1,0,0,0,0,63,42,0,1,0,0,0,0,91,14,0,1,86,19,0,1,94,11,0,1,101,4,0,1,99,6,0,1,99,6,0,1,101,4,0,1,104,1,0,1,100,5,0,1,96,10,0,0,0,0,4,1,19,0,0,0,2,0,0,6,0,2,0,0,24,0,1,13,0,3,1,4,5,2,8,11,1,2,7,0,2,37,22,0,0,26,1,11,20,0,1,43,15,0,1,21,37,0,1,17,39,0,3,21,37,0,1,34,14,8,0,3,37,19,0,3,52,0,7,56,0,3,23,11,24,0,1,0,0,0,55,0,4,55,0,4,54,0,5,0,0,0,0,0,0,0,0,0,0,51,0,8,53,6,0,0,54,5,0,0,55,3,0,1,54,5,0,0,57,1,0,1,57,2,0,0,53,5,0,1,53,6,0,0,55,2,0,2,54,4,0,1,53,5,0,1
ATASC,12,VB #12,0,0,0,0,86,57,29,0,0,0,55,0,0,0,0,0,2,0,0,3,4,49,0,0,0,1,53,0,4,37,18,0,2,54,0,3,53,0,4,53,0,4,53,0,4,27,29,0,1,53,0,4,53,0,4,53,0,4,54,0,3,0,0,0,50,0,7,53,0,4,53,0,4,52,0,5,54,2,0,1,54,0,3,0,0,0,0,0,0,0,0,50,0,7,0,0,0,0,0,0,0,0,37,19,0,1,0,0,0,0,22,34,0,1,0,0,0,0,50,6,0,1,51,5,0,1,53,3,0,1,55,1,0,1,54,2,0,1,54,1,0,2,56,1,0,0,55,0,0,2,51,3,0,3,51,5,0,1,0,0,6,2,10,0,0,0,0,0,0,1,0,0,0,2,8,0,0,6,1,2,0,0,2,0,1,4,1,0,6,0,6,16,10,0,3,5,5,6,6,0,7,18,3,0,8,7,15,0,7,11,12,0,6,7,15,0,7,15,4,3,0,7,15,8,0,6,22,0,7,23,0,6,8,6,10,0,5,0,0,0,24,0,5,23,0,6,23,0,6,0,0,0,0,0,0,0,0,0,0,23,0,6,26,3,0,0,25,2,0,2,28,1,0,0,26,2,0,1,27,1,0,1,28,0,0,1,27,1,0,1,26,1,0,2,28,1,0,0,25,3,0,1,26,3,0,0
ATASC,12,VB #12,0,0,0,0,0,0,0,0,0,0,0,0,0,0,0,0,0,0,0,0,0,0,0,0,0,0,0,0,0,0,0,0,0,0,0,0,0,0,0,0,0,0,0,0,0,0,0,0,0,0,0,0,0,0,0,0,0,0,0,0,0,0,0,0,0,0,0,0,0,0,0,0,0,0,0,0,0,0,0,0,0,0,0,0,0,0,0,0,0,0,0,0,0,0,0,0,0,0,0,0,0,0,0,0,0,0,0,0,0,0,0,0,0,0,0,0,0,0,0,0,0,0,0,0,0,0,0,0,0,0,0,0,0,0,0,0,0,0,0,0,0,0,0,0,0,0,0,0,0,0,0,0,0,0,0,0,0,0,0,0,0,0,0,0,0,0,0,0,0,0,0,0,0,0,0,0,0,0,0,0,0,0,0,0,0,0,0,0,0,0,0,0,0,0,0,0,0,0,0,0,0,0,0,0,0,0,0,0,0,0,0,0,0,0,0,0,0,0,0,0,0,0,0,0,0,0,0,0,0,0,0,0,0,0,0,0,0,0,0,0,0,0,0,0,0,0,0,0,0,0,0,0,0,0,0,0,0,0,0,0,0,0,0,0,0,0,0,0,0,0,0,0,0,0,0,0,0,0,0,0,0,0,0,0,0,0,0,0,0,0,0,0,0,0,0,0,0,0,0,0,0,0,0,0,0,0
ATASC,12,VB #12,0,0,0,0,17,1,16,0,0,0,1,0,0,0,0,0,0,0,0,1,0,0,0,0,0,0,1,0,0,1,0,0,0,1,0,0,1,0,0,1,0,0,1,0,0,1,0,0,0,1,0,0,1,0,0,1,0,0,1,0,0,0,0,0,1,0,0,1,0,0,1,0,0,1,0,0,1,0,0,0,1,0,0,0,0,0,0,0,0,0,0,1,0,0,0,0,0,0,0,0,0,0,0,1,0,0,0,0,0,0,1,0,0,0,0,0,0,0,1,0,0,0,1,0,0,0,1,0,0,0,1,0,0,0,0,1,0,0,1,0,0,0,1,0,0,0,1,0,0,0,1,0,0,0,1,0,0,0,0,0,6,1,2,0,0,0,0,0,0,0,0,1,0,1,4,0,1,2,0,2,1,0,0,0,1,2,0,0,4,0,4,7,9,0,0,7,0,1,8,0,0,12,2,0,2,4,11,0,1,2,12,0,2,2,14,0,0,11,2,1,0,2,12,3,0,1,12,0,4,12,0,4,8,3,5,0,0,0,0,0,12,0,4,12,0,4,15,0,1,0,0,0,0,0,0,0,0,0,0,12,0,4,15,1,0,0,16,0,0,0,16,0,0,0,16,0,0,0,14,2,0,0,16,0,0,0,16,0,0,0,16,0,0,0,16,0,0,0,15,1,0,0,14,1,0,1
ATASC,12,VB #12,0,0,0,0,1,0,1,0,0,0,0,0,0,0,0,0,0,0,0,0,0,0,0,0,0,0,0,0,0,0,0,0,0,0,0,0,0,0,0,0,0,0,0,0,0,0,0,0,0,0,0,0,0,0,0,0,0,0,0,0,0,0,0,0,0,0,0,0,0,0,0,0,0,0,0,0,0,0,0,0,0,0,0,0,0,0,0,0,0,0,0,0,0,0,0,0,0,0,0,0,0,0,0,0,0,0,0,0,0,0,0,0,0,0,0,0,0,0,0,0,0,0,0,0,0,0,0,0,0,0,0,0,0,0,0,0,0,0,0,0,0,0,0,0,0,0,0,0,0,0,0,0,0,0,0,0,0,0,0,0,0,0,1,0,0,0,0,0,0,0,0,0,0,0,0,0,0,0,0,0,0,0,0,0,0,0,0,0,1,0,0,1,0,0,0,1,0,0,0,0,0,0,0,0,1,0,1,0,0,0,0,0,1,0,1,0,0,0,0,0,0,1,0,0,0,1,0,0,1,1,0,0,0,1,0,0,0,0,0,0,0,0,1,1,0,0,1,0,0,0,0,0,0,0,0,0,0,0,0,0,0,1,1,0,0,0,1,0,0,0,1,0,0,0,1,0,0,0,1,0,0,0,1,0,0,0,1,0,0,0,1,0,0,0,1,0,0,0,1,0,0,0,1,0,0,0
ATASC,13,VB #13,0,0,0,0,269,164,105,0,0,0,153,1,1,0,0,2,7,0,0,28,22,88,18,3,0,5,155,0,9,124,33,0,7,150,0,14,152,0,12,151,0,13,153,0,11,85,68,0,11,150,0,14,150,0,14,151,0,13,152,0,12,0,0,0,152,0,12,147,0,17,152,0,12,155,0,9,118,45,0,1,156,0,8,0,0,0,0,0,0,0,0,0,0,0,155,0,9,0,0,0,0,0,97,55,0,12,0,0,0,0,0,0,0,0,0,0,0,0,134,30,0,0,131,31,0,2,141,18,0,5,153,8,0,3,152,11,0,1,149,11,0,4,158,6,0,0,161,1,0,2,158,6,0,0,151,10,0,3,0,1,19,0,37,0,0,0,6,0,2,8,0,2,0,0,28,0,2,17,6,2,2,3,5,2,10,25,3,8,16,0,6,48,55,0,2,56,14,7,23,0,5,64,37,0,4,54,45,0,6,40,59,0,6,33,66,0,6,61,33,6,0,5,67,32,0,6,93,0,12,101,0,4,46,22,32,0,5,0,0,0,99,0,6,99,0,6,99,0,6,0,0,0,101,0,4,64,38,0,3,98,0,7,98,6,0,1,102,3,0,0,101,3,0,1,101,3,0,1,100,3,0,2,100,4,0,1,98,5,0,2,97,5,0,3,97,4,0,4,96,7,0,2,96,6,0,3
ATASC,13,VB #13,0,0,0,0,427,315,112,0,0,0,299,0,1,3,1,0,10,0,1,34,29,221,13,3,0,15,294,0,21,215,82,0,18,292,0,23,292,0,23,295,0,20,292,0,23,150,137,0,28,293,0,22,293,0,22,292,0,23,302,0,13,0,0,0,291,0,24,293,0,22,299,0,16,293,0,22,253,60,0,2,304,0,11,0,0,0,0,0,0,0,0,0,0,0,293,0,22,0,0,0,0,0,180,108,0,27,0,0,0,0,0,0,0,0,0,0,0,0,273,40,0,2,245,68,0,2,285,27,0,3,297,16,0,2,284,28,0,3,293,19,0,3,303,10,0,2,305,6,0,4,294,21,0,0,285,26,0,4,0,0,28,7,27,0,0,0,8,0,0,9,0,2,1,1,25,0,4,12,4,4,0,2,6,3,15,31,3,6,15,0,11,38,72,0,2,50,14,7,33,0,8,73,30,0,9,37,66,0,9,37,65,0,10,34,66,0,12,62,26,13,0,11,74,27,0,11,97,0,15,101,0,11,50,19,37,0,6,0,0,0,108,0,4,103,0,9,108,0,4,0,0,0,110,0,2,64,41,0,7,104,0,8,100,9,0,3,100,8,0,4,107,2,0,3,103,6,0,3,106,3,0,3,104,5,0,3,104,5,0,3,102,5,0,5,100,7,0,5,103,6,0,3,93,15,0,4
ATASC,13,VB #13,0,0,0,0,0,0,0,0,0,0,0,0,0,0,0,0,0,0,0,0,0,0,0,0,0,0,0,0,0,0,0,0,0,0,0,0,0,0,0,0,0,0,0,0,0,0,0,0,0,0,0,0,0,0,0,0,0,0,0,0,0,0,0,0,0,0,0,0,0,0,0,0,0,0,0,0,0,0,0,0,0,0,0,0,0,0,0,0,0,0,0,0,0,0,0,0,0,0,0,0,0,0,0,0,0,0,0,0,0,0,0,0,0,0,0,0,0,0,0,0,0,0,0,0,0,0,0,0,0,0,0,0,0,0,0,0,0,0,0,0,0,0,0,0,0,0,0,0,0,0,0,0,0,0,0,0,0,0,0,0,0,0,0,0,0,0,0,0,0,0,0,0,0,0,0,0,0,0,0,0,0,0,0,0,0,0,0,0,0,0,0,0,0,0,0,0,0,0,0,0,0,0,0,0,0,0,0,0,0,0,0,0,0,0,0,0,0,0,0,0,0,0,0,0,0,0,0,0,0,0,0,0,0,0,0,0,0,0,0,0,0,0,0,0,0,0,0,0,0,0,0,0,0,0,0,0,0,0,0,0,0,0,0,0,0,0,0,0,0,0,0,0,0,0,0,0,0,0,0,0,0,0,0,0,0,0,0,0,0,0,0,0,0,0,0,0,0,0,0,0,0,0,0,0,0,0
ATASC,13,VB #13,0,0,0,0,44,7,37,0,0,0,7,0,0,0,0,0,0,0,0,0,0,7,0,0,0,0,6,0,1,6,0,0,1,6,0,1,6,0,1,6,0,1,6,0,1,4,2,0,1,6,0,1,6,0,1,6,0,1,6,0,1,0,0,0,6,0,1,6,0,1,6,0,1,6,0,1,7,0,0,0,6,0,1,0,0,0,0,0,0,0,0,0,0,0,6,0,1,0,0,0,0,0,3,2,0,2,0,0,0,0,0,0,0,0,0,0,0,0,4,2,0,1,6,0,0,1,6,0,0,1,4,2,0,1,6,0,0,1,6,0,0,1,6,0,0,1,6,0,0,1,6,0,0,1,5,1,0,1,0,0,14,0,7,0,0,0,1,0,0,2,0,0,0,0,12,1,0,8,2,4,1,0,1,1,4,5,1,3,6,0,1,2,35,0,0,16,7,4,9,1,0,23,12,0,2,15,21,0,1,13,23,0,1,17,19,0,1,23,13,1,0,0,26,11,0,0,36,0,1,34,0,3,21,8,8,0,0,0,0,0,37,0,0,36,0,1,36,0,1,0,0,0,36,0,1,24,7,0,6,34,0,3,37,0,0,0,37,0,0,0,37,0,0,0,37,0,0,0,37,0,0,0,37,0,0,0,36,1,0,0,36,1,0,0,37,0,0,0,34,2,0,1,31,5,0,1
ATASC,13,VB #13,0,0,0,0,1,0,1,0,0,0,0,0,0,0,0,0,0,0,0,0,0,0,0,0,0,0,0,0,0,0,0,0,0,0,0,0,0,0,0,0,0,0,0,0,0,0,0,0,0,0,0,0,0,0,0,0,0,0,0,0,0,0,0,0,0,0,0,0,0,0,0,0,0,0,0,0,0,0,0,0,0,0,0,0,0,0,0,0,0,0,0,0,0,0,0,0,0,0,0,0,0,0,0,0,0,0,0,0,0,0,0,0,0,0,0,0,0,0,0,0,0,0,0,0,0,0,0,0,0,0,0,0,0,0,0,0,0,0,0,0,0,0,0,0,0,0,0,0,0,0,0,0,0,0,0,0,0,0,0,0,0,0,0,0,0,0,0,0,0,0,0,0,0,0,1,0,0,0,0,0,0,0,0,0,1,0,0,0,0,0,0,0,1,0,0,1,0,0,0,0,0,1,0,0,0,0,1,0,0,0,1,0,0,0,1,0,0,0,1,0,0,0,1,0,0,0,0,0,1,1,0,0,0,0,1,0,0,0,0,0,1,0,0,1,0,0,1,0,0,0,0,0,0,0,1,1,0,0,0,1,0,0,1,0,0,0,1,0,0,0,1,0,0,0,1,0,0,0,1,0,0,0,1,0,0,0,1,0,0,0,1,0,0,0,1,0,0,0,1,0,0,0,1,0,0,0
ATASC,14,VB #14,0,0,0,0,53,17,36,0,0,0,16,0,0,0,0,0,1,0,0,1,1,14,1,0,0,0,17,0,0,10,7,0,0,17,0,0,17,0,0,17,0,0,16,0,1,10,7,0,0,17,0,0,17,0,0,17,0,0,17,0,0,0,0,0,17,0,0,17,0,0,17,0,0,17,0,0,13,4,0,0,17,0,0,0,0,0,0,0,0,0,0,0,0,0,17,0,0,0,0,0,0,0,8,9,0,0,0,0,0,0,0,0,0,0,0,0,0,0,13,4,0,0,14,3,0,0,16,1,0,0,17,0,0,0,16,1,0,0,17,0,0,0,17,0,0,0,17,0,0,0,17,0,0,0,14,3,0,0,0,0,5,0,13,0,0,0,2,0,0,2,0,1,0,0,8,0,5,3,1,4,1,0,1,0,4,8,0,1,6,0,7,14,17,0,5,16,2,6,6,0,6,22,8,0,6,14,16,0,6,13,16,0,7,4,25,0,7,23,3,4,0,6,23,6,0,7,30,0,6,30,0,6,10,7,12,0,7,0,0,0,30,0,6,30,0,6,35,0,1,0,0,0,33,0,3,29,6,0,1,30,0,6,32,2,0,2,30,4,0,2,32,1,0,3,31,3,0,2,31,3,0,2,31,2,0,3,31,2,0,3,31,2,0,3,31,1,0,4,31,1,0,4,30,2,0,4
ATASC,14,VB #14,0,0,0,0,83,61,22,0,0,0,58,0,0,1,0,0,1,0,1,3,8,45,4,0,0,1,57,0,4,47,13,0,1,59,0,2,60,0,1,61,0,0,60,0,1,26,32,0,3,61,0,0,61,0,0,60,0,1,57,0,4,0,0,0,60,0,1,60,0,1,60,0,1,59,0,2,46,14,0,1,61,0,0,0,0,0,0,0,0,0,0,0,0,0,60,0,1,0,0,0,0,0,37,24,0,0,0,0,0,0,0,0,0,0,0,0,0,0,53,7,0,1,51,9,0,1,53,7,0,1,59,1,0,1,56,4,0,1,56,4,0,1,59,0,0,2,60,0,0,1,56,4,0,1,58,1,0,2,2,0,7,0,4,0,0,0,3,0,0,2,0,0,0,0,1,0,3,2,1,0,2,0,1,0,2,3,2,1,3,0,5,8,14,0,0,9,6,1,3,0,3,11,9,0,2,14,5,0,3,10,10,0,2,11,9,0,2,9,6,5,0,2,12,8,0,2,19,0,3,19,0,3,9,6,5,0,2,0,0,0,19,0,3,19,0,3,22,0,0,0,0,0,19,0,3,15,6,0,1,17,0,5,18,3,0,1,19,2,0,1,17,3,0,2,21,0,0,1,21,1,0,0,18,2,0,2,17,3,0,2,20,0,0,2,20,1,0,1,18,3,0,1,16,4,0,2
ATASC,14,VB #14,0,0,0,0,0,0,0,0,0,0,0,0,0,0,0,0,0,0,0,0,0,0,0,0,0,0,0,0,0,0,0,0,0,0,0,0,0,0,0,0,0,0,0,0,0,0,0,0,0,0,0,0,0,0,0,0,0,0,0,0,0,0,0,0,0,0,0,0,0,0,0,0,0,0,0,0,0,0,0,0,0,0,0,0,0,0,0,0,0,0,0,0,0,0,0,0,0,0,0,0,0,0,0,0,0,0,0,0,0,0,0,0,0,0,0,0,0,0,0,0,0,0,0,0,0,0,0,0,0,0,0,0,0,0,0,0,0,0,0,0,0,0,0,0,0,0,0,0,0,0,0,0,0,0,0,0,0,0,0,0,0,0,0,0,0,0,0,0,0,0,0,0,0,0,0,0,0,0,0,0,0,0,0,0,0,0,0,0,0,0,0,0,0,0,0,0,0,0,0,0,0,0,0,0,0,0,0,0,0,0,0,0,0,0,0,0,0,0,0,0,0,0,0,0,0,0,0,0,0,0,0,0,0,0,0,0,0,0,0,0,0,0,0,0,0,0,0,0,0,0,0,0,0,0,0,0,0,0,0,0,0,0,0,0,0,0,0,0,0,0,0,0,0,0,0,0,0,0,0,0,0,0,0,0,0,0,0,0,0,0,0,0,0,0,0,0,0,0,0,0,0,0,0,0,0,0
ATASC,14,VB #14,0,0,0,0,9,2,7,0,0,0,2,0,0,0,0,0,0,0,0,0,0,2,0,0,0,0,2,0,0,2,0,0,0,2,0,0,2,0,0,2,0,0,2,0,0,0,2,0,0,2,0,0,2,0,0,2,0,0,2,0,0,0,0,0,2,0,0,2,0,0,2,0,0,1,0,1,2,0,0,0,2,0,0,0,0,0,0,0,0,0,0,0,0,0,2,0,0,0,0,0,0,0,2,0,0,0,0,0,0,0,0,0,0,0,0,0,0,0,2,0,0,0,2,0,0,0,2,0,0,0,1,1,0,0,2,0,0,0,2,0,0,0,2,0,0,0,2,0,0,0,2,0,0,0,2,0,0,0,0,0,1,1,1,0,0,0,2,0,0,2,0,0,0,0,0,0,0,1,0,1,0,0,0,0,0,1,2,0,0,0,2,2,5,0,0,3,3,1,0,0,0,1,4,0,2,3,2,0,2,1,2,0,4,5,1,0,1,3,2,1,0,1,2,5,0,0,7,0,0,6,0,1,6,1,0,0,0,0,0,0,7,0,0,4,0,3,6,0,1,0,0,0,7,0,0,2,1,0,4,3,0,4,6,1,0,0,7,0,0,0,5,2,0,0,6,0,0,1,4,2,0,1,6,0,0,1,6,0,0,1,6,0,0,1,7,0,0,0,5,2,0,0,5,2,0,0
ATASC,14,VB #14,0,0,0,0,1,1,0,0,0,0,0,0,0,0,0,0,1,0,0,1,0,0,0,0,0,0,1,0,0,1,0,0,0,1,0,0,1,0,0,1,0,0,1,0,0,1,0,0,0,1,0,0,1,0,0,1,0,0,1,0,0,0,0,0,1,0,0,1,0,0,1,0,0,1,0,0,1,0,0,0,1,0,0,0,0,0,0,0,0,0,0,0,0,0,1,0,0,0,0,0,0,0,1,0,0,0,0,0,0,0,0,0,0,0,0,0,0,0,1,0,0,0,1,0,0,0,1,0,0,0,0,1,0,0,1,0,0,0,1,0,0,0,1,0,0,0,0,1,0,0,1,0,0,0,1,0,0,0,0,0,0,0,0,0,0,0,0,0,0,0,0,0,0,0,0,0,0,0,0,0,0,0,0,0,0,0,0,0,0,0,0,0,0,0,0,0,0,0,0,0,0,0,0,0,0,0,0,0,0,0,0,0,0,0,0,0,0,0,0,0,0,0,0,0,0,0,0,0,0,0,0,0,0,0,0,0,0,0,0,0,0,0,0,0,0,0,0,0,0,0,0,0,0,0,0,0,0,0,0,0,0,0,0,0,0,0,0,0,0,0,0,0,0,0,0,0,0,0,0,0,0,0,0,0,0,0,0,0,0,0,0,0,0,0,0,0,0,0,0,0,0,0,0,0,0,0
ATASC,15,VB #15,0,0,0,0,253,123,130,0,0,0,108,2,0,1,1,1,9,0,1,15,14,73,14,1,0,6,115,0,8,90,25,0,8,114,0,9,114,0,9,113,0,10,114,0,9,50,61,0,12,114,0,9,113,0,10,114,0,9,118,0,5,0,0,0,112,0,11,111,0,12,116,0,7,112,0,11,96,26,0,1,118,0,5,118,0,5,21,38,54,0,10,0,0,0,0,0,0,0,0,0,0,0,79,35,0,9,0,0,0,0,0,0,0,0,0,0,0,0,101,19,0,3,100,20,0,3,108,10,0,5,105,13,0,5,104,14,0,5,109,9,0,5,116,3,0,4,119,2,0,2,108,11,0,4,106,14,0,3,2,0,18,0,40,2,0,0,11,0,0,5,0,1,1,1,46,0,3,15,5,7,0,1,2,3,23,42,3,0,22,0,7,62,65,0,3,66,7,10,40,0,7,87,33,0,10,46,75,0,9,42,78,0,10,36,87,0,7,78,33,8,0,11,92,29,0,9,112,0,18,122,0,8,55,15,56,0,4,0,0,0,121,0,9,118,0,12,122,0,8,120,0,10,0,0,0,0,0,0,0,118,0,12,122,8,0,0,124,5,0,1,124,6,0,0,123,7,0,0,124,6,0,0,125,5,0,0,121,9,0,0,113,13,0,4,122,7,0,1,119,10,0,1,115,12,0,3
ATASC,15,VB #15,0,0,0,0,186,139,47,0,0,0,124,1,1,0,1,0,9,0,3,10,16,93,13,2,0,5,125,0,14,91,39,0,9,130,0,9,126,0,13,127,0,12,126,0,13,59,68,0,12,124,0,15,125,0,14,126,0,13,127,0,12,0,0,0,124,0,15,125,0,14,130,0,9,127,0,12,111,25,0,3,128,0,11,129,0,10,22,54,55,0,8,0,0,0,0,0,0,0,0,0,0,0,74,54,0,11,0,0,0,0,0,0,0,0,0,0,0,0,120,19,0,0,116,23,0,0,129,7,0,3,127,11,0,1,128,10,0,1,133,5,0,1,135,2,0,2,134,3,0,2,131,7,0,1,124,12,0,3,0,0,5,3,12,1,0,0,2,0,0,2,0,2,0,1,17,0,2,12,3,3,1,2,3,0,1,8,2,1,4,0,7,14,32,0,1,19,6,2,14,0,6,28,13,0,6,20,22,0,5,16,27,0,4,18,25,0,4,26,16,1,0,4,27,14,0,6,37,0,10,42,0,5,27,5,12,0,3,0,0,0,45,0,2,43,0,4,41,0,6,39,0,8,0,0,0,0,0,0,0,44,0,3,41,5,0,1,42,4,0,1,44,1,0,2,44,1,0,2,43,3,0,1,43,3,0,1,43,3,0,1,43,3,0,1,45,1,0,1,44,1,0,2,42,3,0,2
ATASC,15,VB #15,0,0,0,0,1,0,1,0,0,0,0,0,0,0,0,0,0,0,0,0,0,0,0,0,0,0,0,0,0,0,0,0,0,0,0,0,0,0,0,0,0,0,0,0,0,0,0,0,0,0,0,0,0,0,0,0,0,0,0,0,0,0,0,0,0,0,0,0,0,0,0,0,0,0,0,0,0,0,0,0,0,0,0,0,0,0,0,0,0,0,0,0,0,0,0,0,0,0,0,0,0,0,0,0,0,0,0,0,0,0,0,0,0,0,0,0,0,0,0,0,0,0,0,0,0,0,0,0,0,0,0,0,0,0,0,0,0,0,0,0,0,0,0,0,0,0,0,0,0,0,0,0,0,0,0,0,0,0,0,0,0,0,1,0,0,0,0,0,0,0,0,0,0,0,0,0,0,0,0,0,0,0,0,0,0,0,0,0,0,0,1,1,0,0,0,0,0,0,0,0,1,0,0,0,1,0,0,0,1,0,0,0,1,0,0,0,1,0,0,0,0,1,0,0,0,1,0,0,1,0,0,1,0,0,0,0,1,0,0,0,0,0,1,0,0,1,0,0,1,1,0,0,0,0,0,0,0,0,0,0,0,1,1,0,0,0,1,0,0,0,1,0,0,0,1,0,0,0,1,0,0,0,1,0,0,0,1,0,0,0,0,0,0,1,1,0,0,0,1,0,0,0,1,0,0,0
ATASC,15,VB #15,0,0,0,0,41,0,41,0,0,0,0,0,0,0,0,0,0,0,0,0,0,0,0,0,0,0,0,0,0,0,0,0,0,0,0,0,0,0,0,0,0,0,0,0,0,0,0,0,0,0,0,0,0,0,0,0,0,0,0,0,0,0,0,0,0,0,0,0,0,0,0,0,0,0,0,0,0,0,0,0,0,0,0,0,0,0,0,0,0,0,0,0,0,0,0,0,0,0,0,0,0,0,0,0,0,0,0,0,0,0,0,0,0,0,0,0,0,0,0,0,0,0,0,0,0,0,0,0,0,0,0,0,0,0,0,0,0,0,0,0,0,0,0,0,0,0,0,0,0,0,0,0,0,0,0,0,0,0,0,0,14,2,7,0,0,0,1,0,0,2,0,0,0,2,11,0,2,4,5,4,0,1,4,2,2,7,0,1,3,0,8,9,31,0,1,23,7,0,8,0,3,23,13,0,5,25,11,0,5,15,21,0,5,19,18,0,4,24,9,2,0,6,25,12,0,4,32,0,9,33,0,8,33,1,5,0,2,0,0,0,36,0,5,34,0,7,36,0,5,35,0,6,0,0,0,0,0,0,0,27,0,14,40,1,0,0,41,0,0,0,40,1,0,0,41,0,0,0,40,1,0,0,38,2,0,1,40,1,0,0,41,0,0,0,35,4,0,2,40,0,0,1,37,3,0,1
ATASC,15,VB #15,0,0,0,0,0,0,0,0,0,0,0,0,0,0,0,0,0,0,0,0,0,0,0,0,0,0,0,0,0,0,0,0,0,0,0,0,0,0,0,0,0,0,0,0,0,0,0,0,0,0,0,0,0,0,0,0,0,0,0,0,0,0,0,0,0,0,0,0,0,0,0,0,0,0,0,0,0,0,0,0,0,0,0,0,0,0,0,0,0,0,0,0,0,0,0,0,0,0,0,0,0,0,0,0,0,0,0,0,0,0,0,0,0,0,0,0,0,0,0,0,0,0,0,0,0,0,0,0,0,0,0,0,0,0,0,0,0,0,0,0,0,0,0,0,0,0,0,0,0,0,0,0,0,0,0,0,0,0,0,0,0,0,0,0,0,0,0,0,0,0,0,0,0,0,0,0,0,0,0,0,0,0,0,0,0,0,0,0,0,0,0,0,0,0,0,0,0,0,0,0,0,0,0,0,0,0,0,0,0,0,0,0,0,0,0,0,0,0,0,0,0,0,0,0,0,0,0,0,0,0,0,0,0,0,0,0,0,0,0,0,0,0,0,0,0,0,0,0,0,0,0,0,0,0,0,0,0,0,0,0,0,0,0,0,0,0,0,0,0,0,0,0,0,0,0,0,0,0,0,0,0,0,0,0,0,0,0,0,0,0,0,0,0,0,0,0,0,0,0,0,0,0,0,0,0,0
ATASC,16,VB #16,0,0,0,0,29,15,14,0,0,0,12,0,0,0,0,0,1,0,2,4,4,5,1,0,0,1,13,0,2,11,2,0,2,13,0,2,13,0,2,13,0,2,13,0,2,5,7,0,3,12,0,3,12,0,3,12,0,3,14,0,1,0,0,0,13,0,2,12,0,3,14,0,1,14,0,1,13,2,0,0,14,0,1,15,0,0,2,6,6,0,1,0,0,0,0,0,0,0,0,0,0,0,9,5,0,1,0,0,0,0,0,0,0,0,0,0,0,0,11,3,0,1,10,4,0,1,12,2,0,1,12,2,0,1,12,2,0,1,13,1,0,1,13,1,0,1,12,2,0,1,13,1,0,1,13,1,0,1,0,1,0,0,3,0,0,0,1,0,0,2,0,0,1,0,6,0,0,1,0,1,0,0,0,1,1,5,1,0,1,0,3,8,4,0,2,6,1,0,4,0,3,7,4,0,3,2,9,0,3,2,9,0,3,1,10,0,3,5,4,3,0,2,11,0,0,3,10,0,4,11,0,3,3,5,3,0,3,0,0,0,12,0,2,11,0,3,12,0,2,11,0,3,0,0,0,0,0,0,0,8,0,6,13,1,0,0,13,1,0,0,13,1,0,0,13,1,0,0,13,1,0,0,13,1,0,0,13,1,0,0,12,0,0,2,11,1,0,2,10,2,0,2,11,1,0,2
ATASC,16,VB #16,0,0,0,0,39,27,12,0,0,0,27,0,0,0,0,0,0,0,0,2,4,20,1,0,0,0,26,0,1,14,12,0,1,26,0,1,26,0,1,26,0,1,26,0,1,9,16,0,2,26,0,1,26,0,1,26,0,1,27,0,0,0,0,0,25,0,2,26,0,1,26,0,1,27,0,0,24,3,0,0,27,0,0,27,0,0,2,11,14,0,0,0,0,0,0,0,0,0,0,0,0,0,13,12,0,2,0,0,0,0,0,0,0,0,0,0,0,0,24,3,0,0,26,1,0,0,26,1,0,0,25,2,0,0,24,3,0,0,26,1,0,0,27,0,0,0,27,0,0,0,25,2,0,0,22,4,0,1,0,0,3,0,2,0,0,0,0,0,0,1,0,2,0,0,2,0,2,3,0,0,0,0,0,0,1,3,0,0,0,0,5,3,9,0,0,7,0,0,2,0,3,8,1,0,3,3,6,0,3,4,4,0,4,4,5,0,3,5,2,1,0,4,7,2,0,3,8,0,4,9,0,3,5,0,4,0,3,0,0,0,10,0,2,9,0,3,11,0,1,10,0,2,0,0,0,0,0,0,0,9,0,3,12,0,0,0,11,1,0,0,11,0,0,1,12,0,0,0,11,0,0,1,11,0,0,1,11,0,0,1,11,0,0,1,11,0,0,1,10,2,0,0,11,0,0,1
ATASC,16,VB #16,0,0,0,0,0,0,0,0,0,0,0,0,0,0,0,0,0,0,0,0,0,0,0,0,0,0,0,0,0,0,0,0,0,0,0,0,0,0,0,0,0,0,0,0,0,0,0,0,0,0,0,0,0,0,0,0,0,0,0,0,0,0,0,0,0,0,0,0,0,0,0,0,0,0,0,0,0,0,0,0,0,0,0,0,0,0,0,0,0,0,0,0,0,0,0,0,0,0,0,0,0,0,0,0,0,0,0,0,0,0,0,0,0,0,0,0,0,0,0,0,0,0,0,0,0,0,0,0,0,0,0,0,0,0,0,0,0,0,0,0,0,0,0,0,0,0,0,0,0,0,0,0,0,0,0,0,0,0,0,0,0,0,0,0,0,0,0,0,0,0,0,0,0,0,0,0,0,0,0,0,0,0,0,0,0,0,0,0,0,0,0,0,0,0,0,0,0,0,0,0,0,0,0,0,0,0,0,0,0,0,0,0,0,0,0,0,0,0,0,0,0,0,0,0,0,0,0,0,0,0,0,0,0,0,0,0,0,0,0,0,0,0,0,0,0,0,0,0,0,0,0,0,0,0,0,0,0,0,0,0,0,0,0,0,0,0,0,0,0,0,0,0,0,0,0,0,0,0,0,0,0,0,0,0,0,0,0,0,0,0,0,0,0,0,0,0,0,0,0,0,0,0,0,0,0,0
ATASC,16,VB #16,0,0,0,0,6,3,3,0,0,0,3,0,0,0,0,0,0,0,0,0,0,3,0,0,0,0,3,0,0,3,0,0,0,3,0,0,3,0,0,3,0,0,3,0,0,1,2,0,0,3,0,0,3,0,0,3,0,0,3,0,0,0,0,0,0,0,3,3,0,0,3,0,0,3,0,0,3,0,0,0,3,0,0,3,0,0,0,0,3,0,0,0,0,0,0,0,0,0,0,0,0,0,3,0,0,0,0,0,0,0,0,0,0,0,0,0,0,0,3,0,0,0,3,0,0,0,3,0,0,0,3,0,0,0,3,0,0,0,3,0,0,0,3,0,0,0,3,0,0,0,3,0,0,0,3,0,0,0,0,0,2,0,0,0,0,0,0,0,0,0,0,0,0,0,1,0,0,1,0,0,0,0,0,0,0,0,0,0,0,0,2,3,0,0,0,0,0,0,1,0,2,1,0,0,2,0,1,0,2,0,1,0,2,0,1,0,2,1,0,0,0,2,1,0,0,2,1,0,2,1,0,2,0,0,1,0,2,0,0,0,1,0,2,1,0,2,1,0,2,1,0,2,0,0,0,0,0,0,0,1,0,2,3,0,0,0,3,0,0,0,3,0,0,0,3,0,0,0,3,0,0,0,3,0,0,0,3,0,0,0,3,0,0,0,3,0,0,0,3,0,0,0,3,0,0,0
ATASC,16,VB #16,0,0,0,0,0,0,0,0,0,0,0,0,0,0,0,0,0,0,0,0,0,0,0,0,0,0,0,0,0,0,0,0,0,0,0,0,0,0,0,0,0,0,0,0,0,0,0,0,0,0,0,0,0,0,0,0,0,0,0,0,0,0,0,0,0,0,0,0,0,0,0,0,0,0,0,0,0,0,0,0,0,0,0,0,0,0,0,0,0,0,0,0,0,0,0,0,0,0,0,0,0,0,0,0,0,0,0,0,0,0,0,0,0,0,0,0,0,0,0,0,0,0,0,0,0,0,0,0,0,0,0,0,0,0,0,0,0,0,0,0,0,0,0,0,0,0,0,0,0,0,0,0,0,0,0,0,0,0,0,0,0,0,0,0,0,0,0,0,0,0,0,0,0,0,0,0,0,0,0,0,0,0,0,0,0,0,0,0,0,0,0,0,0,0,0,0,0,0,0,0,0,0,0,0,0,0,0,0,0,0,0,0,0,0,0,0,0,0,0,0,0,0,0,0,0,0,0,0,0,0,0,0,0,0,0,0,0,0,0,0,0,0,0,0,0,0,0,0,0,0,0,0,0,0,0,0,0,0,0,0,0,0,0,0,0,0,0,0,0,0,0,0,0,0,0,0,0,0,0,0,0,0,0,0,0,0,0,0,0,0,0,0,0,0,0,0,0,0,0,0,0,0,0,0,0,0
ATASC,17,VB #17,0,0,0,0,298,68,230,0,0,0,60,1,0,2,0,0,4,0,1,5,3,45,12,1,0,2,62,0,6,47,16,0,5,62,0,6,63,0,5,63,0,5,60,0,8,38,25,0,5,62,0,6,62,0,6,60,0,8,63,0,5,0,0,0,61,0,7,62,0,6,64,0,4,64,0,4,49,17,0,2,65,0,3,0,0,0,0,0,0,0,0,0,0,0,64,0,4,0,0,0,0,0,43,22,0,3,0,0,0,0,0,0,0,0,0,0,0,0,49,19,0,0,48,20,0,0,58,8,0,2,58,8,0,2,59,7,0,2,58,7,0,3,65,1,0,2,62,3,0,3,64,2,0,2,54,12,0,2,7,0,45,2,67,0,0,1,19,0,1,14,0,2,0,1,59,0,12,26,10,18,5,5,8,0,18,57,4,7,35,0,37,80,140,0,10,117,16,12,54,0,31,135,63,0,32,66,127,0,37,90,103,0,37,57,137,0,36,132,42,19,0,37,157,36,0,37,178,0,52,185,0,45,120,23,66,0,21,0,0,0,194,0,36,191,0,39,220,0,10,0,0,0,208,0,22,137,81,0,12,191,0,39,218,9,0,3,215,6,0,9,221,3,0,6,219,4,0,7,223,1,0,6,217,4,0,9,216,7,0,7,217,4,0,9,220,4,0,6,212,11,0,7,201,17,0,12
ATASC,17,VB #17,0,0,0,0,224,84,140,0,0,0,74,1,1,1,0,0,5,0,2,8,11,56,6,1,0,2,76,0,8,62,19,0,3,79,0,5,79,0,5,78,0,6,79,0,5,32,47,0,5,80,0,4,78,0,6,79,0,5,81,0,3,0,0,0,76,0,8,80,0,4,81,0,3,79,0,5,72,12,0,0,83,0,1,0,0,0,0,0,0,0,0,0,0,0,83,0,1,0,0,0,0,0,54,26,0,4,0,0,0,0,0,0,0,0,0,0,0,0,68,16,0,0,68,16,0,0,72,11,0,1,74,9,0,1,75,9,0,0,74,8,0,2,83,0,0,1,81,2,0,1,74,9,0,1,75,8,0,1,0,1,37,4,34,1,0,1,9,1,0,11,0,2,1,1,28,0,9,21,5,8,3,3,1,2,13,28,2,5,22,0,27,42,94,0,4,72,12,13,25,0,18,77,41,0,22,41,78,0,21,43,75,0,22,40,80,0,20,84,26,8,0,22,89,29,0,22,114,0,26,123,0,17,83,24,29,0,4,0,0,0,125,0,15,123,0,17,136,0,4,0,0,0,130,0,10,99,33,0,8,120,0,20,128,6,0,6,125,8,0,7,129,3,0,8,127,5,0,8,127,5,0,8,128,4,0,8,121,8,0,11,122,7,0,11,122,7,0,11,115,16,0,9,115,16,0,9
ATASC,17,VB #17,0,0,0,0,0,0,0,0,0,0,0,0,0,0,0,0,0,0,0,0,0,0,0,0,0,0,0,0,0,0,0,0,0,0,0,0,0,0,0,0,0,0,0,0,0,0,0,0,0,0,0,0,0,0,0,0,0,0,0,0,0,0,0,0,0,0,0,0,0,0,0,0,0,0,0,0,0,0,0,0,0,0,0,0,0,0,0,0,0,0,0,0,0,0,0,0,0,0,0,0,0,0,0,0,0,0,0,0,0,0,0,0,0,0,0,0,0,0,0,0,0,0,0,0,0,0,0,0,0,0,0,0,0,0,0,0,0,0,0,0,0,0,0,0,0,0,0,0,0,0,0,0,0,0,0,0,0,0,0,0,0,0,0,0,0,0,0,0,0,0,0,0,0,0,0,0,0,0,0,0,0,0,0,0,0,0,0,0,0,0,0,0,0,0,0,0,0,0,0,0,0,0,0,0,0,0,0,0,0,0,0,0,0,0,0,0,0,0,0,0,0,0,0,0,0,0,0,0,0,0,0,0,0,0,0,0,0,0,0,0,0,0,0,0,0,0,0,0,0,0,0,0,0,0,0,0,0,0,0,0,0,0,0,0,0,0,0,0,0,0,0,0,0,0,0,0,0,0,0,0,0,0,0,0,0,0,0,0,0,0,0,0,0,0,0,0,0,0,0,0,0,0,0,0,0,0
ATASC,17,VB #17,0,0,0,0,31,3,28,0,0,0,3,0,0,0,0,0,0,0,0,0,0,3,0,0,0,0,3,0,0,3,0,0,0,3,0,0,3,0,0,3,0,0,3,0,0,1,2,0,0,3,0,0,3,0,0,3,0,0,3,0,0,0,0,0,2,0,1,3,0,0,3,0,0,3,0,0,3,0,0,0,3,0,0,0,0,0,0,0,0,0,0,0,0,0,3,0,0,0,0,0,0,0,1,2,0,0,0,0,0,0,0,0,0,0,0,0,0,0,3,0,0,0,2,1,0,0,2,1,0,0,3,0,0,0,3,0,0,0,2,1,0,0,3,0,0,0,3,0,0,0,2,1,0,0,3,0,0,0,1,0,12,2,5,0,1,0,0,0,0,0,0,0,0,0,6,0,1,2,1,0,0,0,1,1,5,7,1,1,3,0,6,6,22,0,0,12,4,1,6,0,5,11,10,0,7,12,11,0,5,9,11,0,8,8,16,0,4,12,8,1,0,7,13,10,0,5,19,0,9,23,0,5,18,6,2,0,2,0,0,0,21,0,7,19,0,9,27,0,1,0,0,0,23,0,5,16,7,0,5,17,0,11,22,0,0,6,22,0,0,6,22,0,0,6,22,0,0,6,22,0,0,6,21,1,0,6,20,1,0,7,22,0,0,6,22,0,0,6,21,1,0,6,20,1,0,7
ATASC,17,VB #17,0,0,0,0,2,0,2,0,0,0,0,0,0,0,0,0,0,0,0,0,0,0,0,0,0,0,0,0,0,0,0,0,0,0,0,0,0,0,0,0,0,0,0,0,0,0,0,0,0,0,0,0,0,0,0,0,0,0,0,0,0,0,0,0,0,0,0,0,0,0,0,0,0,0,0,0,0,0,0,0,0,0,0,0,0,0,0,0,0,0,0,0,0,0,0,0,0,0,0,0,0,0,0,0,0,0,0,0,0,0,0,0,0,0,0,0,0,0,0,0,0,0,0,0,0,0,0,0,0,0,0,0,0,0,0,0,0,0,0,0,0,0,0,0,0,0,0,0,0,0,0,0,0,0,0,0,0,0,0,0,0,0,1,0,0,0,0,0,0,0,0,0,0,0,1,0,0,1,0,0,0,0,0,0,0,0,0,0,0,0,1,2,0,0,0,2,0,0,0,0,0,1,1,0,0,2,0,0,0,0,2,0,0,0,2,0,0,2,0,0,0,0,2,0,0,0,2,0,0,2,0,0,2,0,0,0,0,0,0,0,2,0,0,2,0,0,2,0,0,0,0,0,2,0,0,1,1,0,0,2,0,0,2,0,0,0,2,0,0,0,2,0,0,0,2,0,0,0,2,0,0,0,2,0,0,0,2,0,0,0,2,0,0,0,2,0,0,0,2,0,0,0,1,1,0,0
ATASC,18,VB #18,0,0,0,0,355,138,217,0,0,0,131,1,0,1,0,0,3,0,2,19,9,87,11,2,0,10,126,0,12,104,24,0,10,126,0,12,128,0,10,129,0,9,129,0,9,63,63,0,12,127,0,11,128,0,10,126,0,12,125,0,13,0,0,0,127,0,11,123,0,15,124,0,14,129,0,9,89,40,0,9,128,0,10,0,0,0,0,0,0,0,0,0,0,0,128,0,10,0,0,0,0,0,77,44,0,17,0,0,0,0,0,0,0,0,0,0,0,0,110,27,0,1,107,28,0,3,126,8,0,4,126,7,0,5,121,15,0,2,129,6,0,3,132,2,0,4,133,2,0,3,122,14,0,2,120,15,0,3,2,2,43,2,45,1,1,1,30,1,0,9,3,4,3,1,39,0,30,17,15,11,3,1,2,5,25,40,6,7,31,0,54,61,134,0,22,98,27,9,40,0,43,88,85,0,44,88,81,0,48,70,94,0,53,72,94,0,51,97,52,21,0,47,106,60,0,51,158,0,59,164,0,53,76,46,54,0,41,0,0,0,163,0,54,163,0,54,203,0,14,0,0,0,199,0,18,148,43,0,26,165,0,52,188,13,0,16,184,10,0,23,189,4,0,24,185,6,0,26,184,6,0,27,185,6,0,26,174,14,0,29,168,19,0,30,173,10,0,34,166,13,0,38,156,24,0,37
ATASC,18,VB #18,0,0,0,0,185,120,65,0,0,0,114,1,1,0,0,0,2,0,2,12,9,79,11,3,0,6,108,0,12,83,25,0,12,110,0,10,109,0,11,111,0,9,109,0,11,50,56,0,14,108,0,12,107,0,13,106,0,14,113,0,7,0,0,0,106,0,14,107,0,13,109,0,11,109,0,11,97,20,0,3,114,0,6,0,0,0,0,0,0,0,0,0,0,0,116,0,4,0,0,0,0,0,61,45,0,14,0,0,0,0,0,0,0,0,0,0,0,0,104,13,0,3,96,23,0,1,105,10,0,5,108,9,0,3,110,6,0,4,108,5,0,7,117,0,0,3,115,1,0,4,111,4,0,5,106,9,0,5,1,1,17,0,8,1,0,0,9,0,1,5,0,4,1,1,7,0,9,10,2,4,1,1,1,5,6,8,3,1,9,0,14,19,41,0,5,24,6,4,20,0,11,30,25,0,10,22,30,0,13,18,33,0,14,18,34,0,13,35,8,6,0,16,41,10,0,14,48,0,17,52,0,13,17,12,25,0,11,0,0,0,54,0,11,52,0,13,62,0,3,0,0,0,63,0,2,41,19,0,5,55,0,10,55,3,0,7,55,3,0,7,56,2,0,7,56,2,0,7,58,0,0,7,56,2,0,7,54,4,0,7,56,1,0,8,54,1,0,10,54,3,0,8,50,4,0,11
ATASC,18,VB #18,0,0,0,0,0,0,0,0,0,0,0,0,0,0,0,0,0,0,0,0,0,0,0,0,0,0,0,0,0,0,0,0,0,0,0,0,0,0,0,0,0,0,0,0,0,0,0,0,0,0,0,0,0,0,0,0,0,0,0,0,0,0,0,0,0,0,0,0,0,0,0,0,0,0,0,0,0,0,0,0,0,0,0,0,0,0,0,0,0,0,0,0,0,0,0,0,0,0,0,0,0,0,0,0,0,0,0,0,0,0,0,0,0,0,0,0,0,0,0,0,0,0,0,0,0,0,0,0,0,0,0,0,0,0,0,0,0,0,0,0,0,0,0,0,0,0,0,0,0,0,0,0,0,0,0,0,0,0,0,0,0,0,0,0,0,0,0,0,0,0,0,0,0,0,0,0,0,0,0,0,0,0,0,0,0,0,0,0,0,0,0,0,0,0,0,0,0,0,0,0,0,0,0,0,0,0,0,0,0,0,0,0,0,0,0,0,0,0,0,0,0,0,0,0,0,0,0,0,0,0,0,0,0,0,0,0,0,0,0,0,0,0,0,0,0,0,0,0,0,0,0,0,0,0,0,0,0,0,0,0,0,0,0,0,0,0,0,0,0,0,0,0,0,0,0,0,0,0,0,0,0,0,0,0,0,0,0,0,0,0,0,0,0,0,0,0,0,0,0,0,0,0,0,0,0,0
ATASC,18,VB #18,0,0,0,0,30,4,26,0,0,0,4,0,0,0,0,0,0,0,0,0,0,4,0,0,0,0,4,0,0,3,0,0,1,4,0,0,4,0,0,4,0,0,4,0,0,0,3,0,1,4,0,0,4,0,0,4,0,0,4,0,0,0,0,0,4,0,0,4,0,0,4,0,0,4,0,0,4,0,0,0,4,0,0,0,0,0,0,0,0,0,0,0,0,0,4,0,0,0,0,0,0,0,2,1,0,1,0,0,0,0,0,0,0,0,0,0,0,0,4,0,0,0,4,0,0,0,4,0,0,0,4,0,0,0,2,0,0,2,4,0,0,0,4,0,0,0,4,0,0,0,4,0,0,0,4,0,0,0,0,0,10,1,3,0,0,0,0,0,0,1,0,1,0,1,7,0,2,7,4,0,0,0,1,0,1,5,0,0,3,0,5,6,20,0,0,13,4,0,6,0,3,15,6,0,5,5,17,0,4,5,16,0,5,5,16,0,5,12,9,1,0,4,16,6,0,4,21,0,5,21,0,5,14,2,7,0,3,0,0,0,23,0,3,22,0,4,22,0,4,0,0,0,22,0,4,15,5,0,6,20,0,6,21,3,0,2,23,1,0,2,21,3,0,2,22,1,0,3,23,0,0,3,21,2,0,3,21,2,0,3,22,2,0,2,23,0,0,3,23,1,0,2,21,3,0,2
ATASC,18,VB #18,0,0,0,0,0,0,0,0,0,0,0,0,0,0,0,0,0,0,0,0,0,0,0,0,0,0,0,0,0,0,0,0,0,0,0,0,0,0,0,0,0,0,0,0,0,0,0,0,0,0,0,0,0,0,0,0,0,0,0,0,0,0,0,0,0,0,0,0,0,0,0,0,0,0,0,0,0,0,0,0,0,0,0,0,0,0,0,0,0,0,0,0,0,0,0,0,0,0,0,0,0,0,0,0,0,0,0,0,0,0,0,0,0,0,0,0,0,0,0,0,0,0,0,0,0,0,0,0,0,0,0,0,0,0,0,0,0,0,0,0,0,0,0,0,0,0,0,0,0,0,0,0,0,0,0,0,0,0,0,0,0,0,0,0,0,0,0,0,0,0,0,0,0,0,0,0,0,0,0,0,0,0,0,0,0,0,0,0,0,0,0,0,0,0,0,0,0,0,0,0,0,0,0,0,0,0,0,0,0,0,0,0,0,0,0,0,0,0,0,0,0,0,0,0,0,0,0,0,0,0,0,0,0,0,0,0,0,0,0,0,0,0,0,0,0,0,0,0,0,0,0,0,0,0,0,0,0,0,0,0,0,0,0,0,0,0,0,0,0,0,0,0,0,0,0,0,0,0,0,0,0,0,0,0,0,0,0,0,0,0,0,0,0,0,0,0,0,0,0,0,0,0,0,0,0,0
ATASC,19,VB #19,0,0,0,0,70,53,17,0,0,0,50,0,0,0,0,0,3,0,0,13,4,29,5,0,0,2,52,0,1,41,10,0,2,52,0,1,52,0,1,52,0,1,51,0,2,27,24,0,2,52,0,1,52,0,1,53,0,0,51,0,2,0,0,0,50,0,3,52,0,1,51,0,2,51,0,2,39,14,0,0,52,0,1,0,0,0,0,0,0,0,0,0,0,0,0,0,0,21,18,14,0,0,32,18,0,3,0,0,0,0,0,0,0,0,0,0,0,0,43,10,0,0,43,10,0,0,46,6,0,1,49,4,0,0,51,2,0,0,49,4,0,0,52,1,0,0,51,1,0,1,45,6,0,2,50,2,0,1,0,0,3,0,4,0,0,0,0,0,0,2,0,2,0,0,6,0,0,2,0,3,1,0,1,0,3,3,1,1,2,0,0,8,8,0,1,8,1,2,4,0,2,10,6,0,1,6,10,0,1,6,10,0,1,7,9,0,1,7,6,2,0,2,10,6,0,1,15,0,2,15,0,2,5,5,6,0,1,0,0,0,15,0,2,15,0,2,17,0,0,0,0,0,0,0,0,0,0,0,0,15,0,2,14,3,0,0,13,4,0,0,15,2,0,0,16,1,0,0,16,1,0,0,17,0,0,0,14,2,0,1,13,3,0,1,15,2,0,0,14,3,0,0,12,4,0,1
ATASC,19,VB #19,0,0,0,0,83,53,30,0,0,0,46,0,0,0,0,0,7,0,0,4,4,35,7,1,0,2,49,0,4,36,16,0,1,49,0,4,49,0,4,49,0,4,47,0,6,29,21,0,3,48,0,5,48,0,5,48,0,5,50,0,3,0,0,0,49,0,4,48,0,5,49,0,4,50,0,3,35,18,0,0,51,0,2,0,0,0,0,0,0,0,0,0,0,0,0,0,0,25,18,10,0,0,28,20,0,5,0,0,0,0,0,0,0,0,0,0,0,0,47,6,0,0,42,10,0,1,47,6,0,0,48,3,0,2,48,5,0,0,44,7,0,2,52,1,0,0,52,1,0,0,47,6,0,0,47,6,0,0,0,0,7,0,7,0,0,0,5,0,0,1,0,1,1,2,5,0,1,5,1,0,0,1,1,1,0,7,2,3,2,0,7,9,19,0,2,10,3,5,7,0,5,15,12,0,3,16,10,0,4,6,19,0,5,11,14,0,5,11,8,3,0,8,17,7,0,6,25,0,5,25,0,5,12,6,7,0,5,0,0,0,26,0,4,24,0,6,28,0,2,0,0,0,0,0,0,0,0,0,0,25,0,5,28,1,0,1,26,1,0,3,27,1,0,2,26,1,0,3,25,2,0,3,26,2,0,2,23,4,0,3,26,1,0,3,26,1,0,3,25,2,0,3,24,2,0,4
ATASC,19,VB #19,0,0,0,0,0,0,0,0,0,0,0,0,0,0,0,0,0,0,0,0,0,0,0,0,0,0,0,0,0,0,0,0,0,0,0,0,0,0,0,0,0,0,0,0,0,0,0,0,0,0,0,0,0,0,0,0,0,0,0,0,0,0,0,0,0,0,0,0,0,0,0,0,0,0,0,0,0,0,0,0,0,0,0,0,0,0,0,0,0,0,0,0,0,0,0,0,0,0,0,0,0,0,0,0,0,0,0,0,0,0,0,0,0,0,0,0,0,0,0,0,0,0,0,0,0,0,0,0,0,0,0,0,0,0,0,0,0,0,0,0,0,0,0,0,0,0,0,0,0,0,0,0,0,0,0,0,0,0,0,0,0,0,0,0,0,0,0,0,0,0,0,0,0,0,0,0,0,0,0,0,0,0,0,0,0,0,0,0,0,0,0,0,0,0,0,0,0,0,0,0,0,0,0,0,0,0,0,0,0,0,0,0,0,0,0,0,0,0,0,0,0,0,0,0,0,0,0,0,0,0,0,0,0,0,0,0,0,0,0,0,0,0,0,0,0,0,0,0,0,0,0,0,0,0,0,0,0,0,0,0,0,0,0,0,0,0,0,0,0,0,0,0,0,0,0,0,0,0,0,0,0,0,0,0,0,0,0,0,0,0,0,0,0,0,0,0,0,0,0,0,0,0,0,0,0,0
ATASC,19,VB #19,0,0,0,0,7,1,6,0,0,0,1,0,0,0,0,0,0,0,0,0,0,1,0,0,0,0,0,0,1,0,1,0,0,0,0,1,0,0,1,0,0,1,0,0,1,0,1,0,0,0,0,1,0,0,1,0,0,1,0,0,1,0,0,0,0,0,1,0,0,1,0,0,1,0,0,1,1,0,0,0,0,0,1,0,0,0,0,0,0,0,0,0,0,0,0,0,0,0,0,1,0,0,0,0,0,1,0,0,0,0,0,0,0,0,0,0,0,0,0,0,1,0,1,0,0,0,1,0,0,0,1,0,0,0,1,0,0,0,1,0,0,0,1,0,0,0,1,0,0,0,1,0,0,0,1,0,0,0,0,0,2,0,3,0,0,0,0,0,0,0,0,0,0,0,1,0,0,0,0,1,0,0,0,0,2,2,0,0,0,0,1,3,3,0,0,2,1,1,2,0,0,3,3,0,0,3,2,0,1,0,5,0,1,3,3,0,0,3,3,0,0,0,5,1,0,0,6,0,0,6,0,0,4,1,1,0,0,0,0,0,6,0,0,6,0,0,6,0,0,0,0,0,0,0,0,0,0,0,0,6,0,0,6,0,0,0,6,0,0,0,6,0,0,0,6,0,0,0,6,0,0,0,6,0,0,0,6,0,0,0,6,0,0,0,6,0,0,0,4,1,0,1,6,0,0,0
ATASC,19,VB #19,0,0,0,0,0,0,0,0,0,0,0,0,0,0,0,0,0,0,0,0,0,0,0,0,0,0,0,0,0,0,0,0,0,0,0,0,0,0,0,0,0,0,0,0,0,0,0,0,0,0,0,0,0,0,0,0,0,0,0,0,0,0,0,0,0,0,0,0,0,0,0,0,0,0,0,0,0,0,0,0,0,0,0,0,0,0,0,0,0,0,0,0,0,0,0,0,0,0,0,0,0,0,0,0,0,0,0,0,0,0,0,0,0,0,0,0,0,0,0,0,0,0,0,0,0,0,0,0,0,0,0,0,0,0,0,0,0,0,0,0,0,0,0,0,0,0,0,0,0,0,0,0,0,0,0,0,0,0,0,0,0,0,0,0,0,0,0,0,0,0,0,0,0,0,0,0,0,0,0,0,0,0,0,0,0,0,0,0,0,0,0,0,0,0,0,0,0,0,0,0,0,0,0,0,0,0,0,0,0,0,0,0,0,0,0,0,0,0,0,0,0,0,0,0,0,0,0,0,0,0,0,0,0,0,0,0,0,0,0,0,0,0,0,0,0,0,0,0,0,0,0,0,0,0,0,0,0,0,0,0,0,0,0,0,0,0,0,0,0,0,0,0,0,0,0,0,0,0,0,0,0,0,0,0,0,0,0,0,0,0,0,0,0,0,0,0,0,0,0,0,0,0,0,0,0,0
ATASC,20,VB #20,0,0,0,0,558,408,150,0,0,0,375,2,0,1,0,1,27,0,2,53,31,268,41,4,0,11,386,0,22,300,84,0,24,387,0,21,384,0,24,384,0,24,387,0,21,197,182,0,29,381,0,27,381,0,27,384,0,24,388,0,20,0,0,0,375,0,33,379,0,29,389,0,19,389,0,19,354,47,0,7,398,0,10,0,0,0,0,0,0,0,0,0,0,0,0,0,0,197,112,95,0,4,235,143,0,30,0,0,0,0,0,0,0,0,0,0,0,0,353,53,0,2,327,76,0,5,375,24,0,9,376,28,0,4,357,47,0,4,378,24,0,6,390,11,0,7,398,4,0,6,384,16,0,8,358,37,0,13,1,0,27,3,35,0,0,0,4,0,0,10,2,2,0,1,62,0,3,28,8,15,1,4,7,2,10,31,12,7,13,0,12,60,88,0,2,72,25,16,26,0,11,98,41,0,11,48,90,0,12,56,82,0,12,54,83,0,13,91,36,11,0,12,103,34,0,13,135,0,15,137,0,13,72,24,42,0,12,0,0,0,143,0,7,140,0,10,138,0,12,0,0,0,0,0,0,0,0,0,0,140,0,10,141,8,0,1,138,10,0,2,141,6,0,3,140,9,0,1,141,8,0,1,143,6,0,1,139,9,0,2,140,9,0,1,146,2,0,2,132,16,0,2,133,15,0,2
ATASC,20,VB #20,0,0,0,0,715,589,126,0,0,1,559,1,1,2,5,0,18,0,2,48,42,446,33,7,0,13,551,0,38,405,160,0,24,550,0,39,549,0,40,553,0,36,552,0,37,257,285,0,47,548,0,41,547,0,42,548,0,41,561,0,28,0,0,0,537,0,52,537,0,52,562,0,27,561,0,28,514,65,0,10,573,0,16,0,0,0,0,0,0,0,0,0,0,0,0,0,0,326,173,87,0,3,356,197,0,36,0,0,0,0,0,0,0,0,0,0,0,0,519,66,0,4,497,85,0,7,547,39,0,3,550,33,0,6,526,56,0,7,551,31,0,7,567,17,0,5,572,11,0,6,552,33,0,4,544,41,0,4,0,0,25,9,30,0,0,1,3,0,0,15,0,1,1,4,36,0,1,38,3,7,1,1,6,1,9,23,4,4,13,0,16,50,69,0,7,33,18,12,43,0,20,94,19,0,13,39,70,0,17,46,61,0,19,29,77,0,20,83,18,7,0,18,86,24,0,16,106,0,20,110,0,16,64,14,35,0,13,0,0,0,114,0,12,112,0,14,115,0,11,0,0,0,0,0,0,0,0,0,0,114,0,12,118,5,0,3,119,4,0,3,122,2,0,2,115,7,0,4,117,3,0,6,117,5,0,4,115,5,0,6,117,5,0,4,122,3,0,1,115,7,0,4,107,12,0,7
ATASC,20,VB #20,0,0,0,0,0,0,0,0,0,0,0,0,0,0,0,0,0,0,0,0,0,0,0,0,0,0,0,0,0,0,0,0,0,0,0,0,0,0,0,0,0,0,0,0,0,0,0,0,0,0,0,0,0,0,0,0,0,0,0,0,0,0,0,0,0,0,0,0,0,0,0,0,0,0,0,0,0,0,0,0,0,0,0,0,0,0,0,0,0,0,0,0,0,0,0,0,0,0,0,0,0,0,0,0,0,0,0,0,0,0,0,0,0,0,0,0,0,0,0,0,0,0,0,0,0,0,0,0,0,0,0,0,0,0,0,0,0,0,0,0,0,0,0,0,0,0,0,0,0,0,0,0,0,0,0,0,0,0,0,0,0,0,0,0,0,0,0,0,0,0,0,0,0,0,0,0,0,0,0,0,0,0,0,0,0,0,0,0,0,0,0,0,0,0,0,0,0,0,0,0,0,0,0,0,0,0,0,0,0,0,0,0,0,0,0,0,0,0,0,0,0,0,0,0,0,0,0,0,0,0,0,0,0,0,0,0,0,0,0,0,0,0,0,0,0,0,0,0,0,0,0,0,0,0,0,0,0,0,0,0,0,0,0,0,0,0,0,0,0,0,0,0,0,0,0,0,0,0,0,0,0,0,0,0,0,0,0,0,0,0,0,0,0,0,0,0,0,0,0,0,0,0,0,0,0,0
ATASC,20,VB #20,0,0,0,0,41,16,25,0,0,0,16,0,0,0,0,0,0,0,0,1,1,13,0,0,0,1,14,0,2,10,5,0,1,13,0,3,13,0,3,13,0,3,12,0,4,6,5,0,5,13,0,3,13,0,3,13,0,3,14,0,2,0,0,0,15,0,1,13,0,3,15,0,1,12,0,4,15,1,0,0,14,0,2,0,0,0,0,0,0,0,0,0,0,0,0,0,0,6,7,3,0,0,9,7,0,0,0,0,0,0,0,0,0,0,0,0,0,0,14,1,0,1,12,3,0,1,14,1,0,1,14,1,0,1,14,0,0,2,13,1,0,2,14,0,0,2,14,0,0,2,13,1,0,2,13,1,0,2,0,0,10,3,1,0,0,0,1,0,0,2,0,0,0,0,7,1,0,5,2,8,0,0,1,1,0,3,0,1,2,0,2,7,18,0,0,10,1,3,9,0,2,15,7,0,3,10,13,0,2,15,8,0,2,8,15,0,2,15,7,1,0,2,18,5,0,2,23,0,2,24,0,1,7,5,11,0,2,0,0,0,23,0,2,23,0,2,23,0,2,0,0,0,0,0,0,0,0,0,0,24,0,1,22,3,0,0,22,3,0,0,23,2,0,0,22,2,0,1,23,2,0,0,24,1,0,0,21,3,0,1,24,1,0,0,23,2,0,0,24,1,0,0,22,2,0,1
ATASC,20,VB #20,0,0,0,0,1,0,1,0,0,0,0,0,0,0,0,0,0,0,0,0,0,0,0,0,0,0,0,0,0,0,0,0,0,0,0,0,0,0,0,0,0,0,0,0,0,0,0,0,0,0,0,0,0,0,0,0,0,0,0,0,0,0,0,0,0,0,0,0,0,0,0,0,0,0,0,0,0,0,0,0,0,0,0,0,0,0,0,0,0,0,0,0,0,0,0,0,0,0,0,0,0,0,0,0,0,0,0,0,0,0,0,0,0,0,0,0,0,0,0,0,0,0,0,0,0,0,0,0,0,0,0,0,0,0,0,0,0,0,0,0,0,0,0,0,0,0,0,0,0,0,0,0,0,0,0,0,0,0,0,0,0,0,0,0,0,0,0,0,0,0,0,0,0,0,1,0,0,0,0,0,0,0,0,0,0,0,0,0,1,0,0,0,1,0,0,0,0,0,0,0,1,0,0,0,1,0,0,0,1,0,0,0,1,0,0,0,1,0,0,0,0,1,0,0,0,1,1,0,0,1,0,0,0,0,0,0,1,0,0,0,1,0,0,1,0,0,1,0,0,0,0,0,0,0,0,0,0,0,0,1,0,0,1,0,0,0,1,0,0,0,1,0,0,0,1,0,0,0,1,0,0,0,1,0,0,0,1,0,0,0,1,0,0,0,1,0,0,0,1,0,0,0,1,0,0,0
ATASC,21,VB #21,0,0,0,0,51,39,12,0,0,0,38,0,1,0,0,0,0,0,0,6,7,24,2,0,0,0,39,0,0,25,14,0,0,39,0,0,39,0,0,39,0,0,39,0,0,27,11,0,1,39,0,0,39,0,0,39,0,0,0,0,0,39,0,0,39,0,0,39,0,0,39,0,0,38,0,1,32,7,0,0,39,0,0,0,0,0,0,0,0,0,0,0,0,0,0,0,0,22,8,9,0,0,28,11,0,0,0,0,0,0,0,0,0,0,0,0,0,0,32,7,0,0,30,9,0,0,34,5,0,0,36,1,0,2,34,5,0,0,36,3,0,0,39,0,0,0,38,1,0,0,36,3,0,0,34,3,0,2,0,0,1,0,2,0,0,0,0,0,0,0,0,0,0,1,8,0,0,1,0,4,0,1,0,0,0,1,0,0,1,0,4,6,4,0,2,5,2,0,3,0,2,6,4,0,2,5,5,0,2,4,6,0,2,3,7,0,2,4,6,0,0,2,9,1,0,2,9,0,3,8,0,4,0,0,0,0,0,9,0,3,10,0,2,9,0,3,8,0,4,0,0,0,0,0,0,0,0,0,0,9,0,3,9,2,0,1,9,2,0,1,9,2,0,1,9,2,0,1,11,0,0,1,10,1,0,1,9,2,0,1,8,2,0,2,11,0,0,1,8,2,0,2,10,1,0,1
ATASC,21,VB #21,0,0,0,0,32,27,5,0,0,0,27,0,0,0,0,0,0,0,0,2,3,21,1,0,0,0,25,0,2,14,12,0,1,26,0,1,26,0,1,25,0,2,25,0,2,13,12,0,2,26,0,1,25,0,2,25,0,2,0,0,0,26,0,1,25,0,2,25,0,2,26,0,1,23,0,4,24,3,0,0,26,0,1,0,0,0,0,0,0,0,0,0,0,0,0,0,0,15,8,4,0,0,15,11,0,1,0,0,0,0,0,0,0,0,0,0,0,0,24,3,0,0,25,2,0,0,25,2,0,0,27,0,0,0,25,2,0,0,26,1,0,0,27,0,0,0,27,0,0,0,26,0,0,1,26,1,0,0,0,0,0,1,0,0,0,0,0,0,0,2,0,0,0,1,1,0,0,3,0,0,0,1,0,0,0,1,0,0,0,0,0,1,3,0,1,0,2,2,1,0,0,4,1,0,0,2,2,0,1,1,3,0,1,3,2,0,0,2,2,1,0,0,5,0,0,0,5,0,0,5,0,0,0,0,0,0,0,5,0,0,5,0,0,5,0,0,5,0,0,0,0,0,0,0,0,0,0,0,0,5,0,0,4,1,0,0,4,1,0,0,4,1,0,0,4,1,0,0,5,0,0,0,4,1,0,0,5,0,0,0,5,0,0,0,5,0,0,0,5,0,0,0,4,1,0,0
ATASC,21,VB #21,0,0,0,0,0,0,0,0,0,0,0,0,0,0,0,0,0,0,0,0,0,0,0,0,0,0,0,0,0,0,0,0,0,0,0,0,0,0,0,0,0,0,0,0,0,0,0,0,0,0,0,0,0,0,0,0,0,0,0,0,0,0,0,0,0,0,0,0,0,0,0,0,0,0,0,0,0,0,0,0,0,0,0,0,0,0,0,0,0,0,0,0,0,0,0,0,0,0,0,0,0,0,0,0,0,0,0,0,0,0,0,0,0,0,0,0,0,0,0,0,0,0,0,0,0,0,0,0,0,0,0,0,0,0,0,0,0,0,0,0,0,0,0,0,0,0,0,0,0,0,0,0,0,0,0,0,0,0,0,0,0,0,0,0,0,0,0,0,0,0,0,0,0,0,0,0,0,0,0,0,0,0,0,0,0,0,0,0,0,0,0,0,0,0,0,0,0,0,0,0,0,0,0,0,0,0,0,0,0,0,0,0,0,0,0,0,0,0,0,0,0,0,0,0,0,0,0,0,0,0,0,0,0,0,0,0,0,0,0,0,0,0,0,0,0,0,0,0,0,0,0,0,0,0,0,0,0,0,0,0,0,0,0,0,0,0,0,0,0,0,0,0,0,0,0,0,0,0,0,0,0,0,0,0,0,0,0,0,0,0,0,0,0,0,0,0,0,0,0,0,0,0,0,0,0,0
ATASC,21,VB #21,0,0,0,0,2,2,0,0,0,0,2,0,0,0,0,0,0,0,0,0,0,2,0,0,0,0,2,0,0,2,0,0,0,2,0,0,2,0,0,2,0,0,2,0,0,0,2,0,0,2,0,0,2,0,0,2,0,0,0,0,0,2,0,0,2,0,0,2,0,0,2,0,0,2,0,0,2,0,0,0,2,0,0,0,0,0,0,0,0,0,0,0,0,0,0,0,0,2,0,0,0,0,1,1,0,0,0,0,0,0,0,0,0,0,0,0,0,0,2,0,0,0,2,0,0,0,2,0,0,0,2,0,0,0,1,1,0,0,2,0,0,0,2,0,0,0,2,0,0,0,2,0,0,0,2,0,0,0,0,0,0,0,0,0,0,0,0,0,0,0,0,0,0,0,0,0,0,0,0,0,0,0,0,0,0,0,0,0,0,0,0,0,0,0,0,0,0,0,0,0,0,0,0,0,0,0,0,0,0,0,0,0,0,0,0,0,0,0,0,0,0,0,0,0,0,0,0,0,0,0,0,0,0,0,0,0,0,0,0,0,0,0,0,0,0,0,0,0,0,0,0,0,0,0,0,0,0,0,0,0,0,0,0,0,0,0,0,0,0,0,0,0,0,0,0,0,0,0,0,0,0,0,0,0,0,0,0,0,0,0,0,0,0,0,0,0,0,0,0,0,0,0,0,0,0,0
ATASC,21,VB #21,0,0,0,0,0,0,0,0,0,0,0,0,0,0,0,0,0,0,0,0,0,0,0,0,0,0,0,0,0,0,0,0,0,0,0,0,0,0,0,0,0,0,0,0,0,0,0,0,0,0,0,0,0,0,0,0,0,0,0,0,0,0,0,0,0,0,0,0,0,0,0,0,0,0,0,0,0,0,0,0,0,0,0,0,0,0,0,0,0,0,0,0,0,0,0,0,0,0,0,0,0,0,0,0,0,0,0,0,0,0,0,0,0,0,0,0,0,0,0,0,0,0,0,0,0,0,0,0,0,0,0,0,0,0,0,0,0,0,0,0,0,0,0,0,0,0,0,0,0,0,0,0,0,0,0,0,0,0,0,0,0,0,0,0,0,0,0,0,0,0,0,0,0,0,0,0,0,0,0,0,0,0,0,0,0,0,0,0,0,0,0,0,0,0,0,0,0,0,0,0,0,0,0,0,0,0,0,0,0,0,0,0,0,0,0,0,0,0,0,0,0,0,0,0,0,0,0,0,0,0,0,0,0,0,0,0,0,0,0,0,0,0,0,0,0,0,0,0,0,0,0,0,0,0,0,0,0,0,0,0,0,0,0,0,0,0,0,0,0,0,0,0,0,0,0,0,0,0,0,0,0,0,0,0,0,0,0,0,0,0,0,0,0,0,0,0,0,0,0,0,0,0,0,0,0,0
ATASC,22,VB #22,0,0,0,0,151,123,28,0,0,0,112,3,0,0,0,0,3,0,5,9,11,84,8,0,0,11,102,0,21,75,36,0,12,106,0,17,106,0,17,106,0,17,103,0,20,57,47,0,19,102,0,21,105,0,18,105,0,18,107,0,16,0,0,0,103,0,20,101,0,22,112,0,11,110,0,13,101,18,0,4,114,0,9,118,0,5,25,56,41,0,1,0,0,0,0,0,0,0,0,0,0,0,65,43,0,15,0,0,0,0,0,0,0,0,0,0,0,0,95,24,0,4,99,21,0,3,109,9,0,5,111,6,0,6,112,3,0,8,111,5,0,7,116,0,0,7,111,3,0,9,113,5,0,5,104,10,0,9,0,0,7,0,5,0,0,0,0,0,0,2,0,0,0,0,14,0,0,6,1,1,1,3,0,0,0,8,0,0,8,0,0,13,15,0,0,18,0,2,8,0,0,18,9,0,1,10,17,0,1,10,18,0,0,7,19,0,2,19,8,0,0,1,21,6,0,1,26,0,2,26,0,2,16,1,10,0,1,0,0,0,26,0,2,27,0,1,24,0,4,22,0,6,0,0,0,0,0,0,0,26,0,2,27,1,0,0,27,0,0,1,28,0,0,0,26,1,0,1,26,2,0,0,26,2,0,0,24,3,0,1,25,2,0,1,26,1,0,1,26,1,0,1,24,4,0,0
ATASC,22,VB #22,0,0,0,0,124,107,17,0,0,0,97,3,0,0,0,0,6,0,1,11,9,78,4,1,0,4,98,0,9,65,33,0,9,99,0,8,99,0,8,98,0,9,98,0,9,57,41,0,9,98,0,9,99,0,8,98,0,9,101,0,6,0,0,0,98,0,9,96,0,11,99,0,8,101,0,6,94,13,0,0,99,0,8,102,0,5,12,55,38,0,2,0,0,0,0,0,0,0,0,0,0,0,56,41,0,10,0,0,0,0,0,0,0,0,0,0,0,0,88,15,0,4,86,18,0,3,100,3,0,4,93,10,0,4,91,9,0,7,95,8,0,4,100,3,0,4,101,2,0,4,98,5,0,4,92,11,0,4,0,1,7,2,4,0,0,0,0,0,0,0,0,1,0,1,1,0,0,7,0,0,0,0,2,2,0,5,1,0,0,0,0,5,12,0,0,10,5,1,1,0,0,16,1,0,0,9,8,0,0,2,15,0,0,10,6,0,1,10,5,2,0,0,12,5,0,0,15,0,2,14,0,3,11,2,4,0,0,0,0,0,16,0,1,14,0,3,12,0,5,11,0,6,0,0,0,0,0,0,0,16,0,1,14,3,0,0,15,2,0,0,17,0,0,0,15,2,0,0,16,1,0,0,15,1,0,1,13,3,0,1,14,3,0,0,15,1,0,1,15,2,0,0,15,2,0,0
ATASC,22,VB #22,0,0,0,0,0,0,0,0,0,0,0,0,0,0,0,0,0,0,0,0,0,0,0,0,0,0,0,0,0,0,0,0,0,0,0,0,0,0,0,0,0,0,0,0,0,0,0,0,0,0,0,0,0,0,0,0,0,0,0,0,0,0,0,0,0,0,0,0,0,0,0,0,0,0,0,0,0,0,0,0,0,0,0,0,0,0,0,0,0,0,0,0,0,0,0,0,0,0,0,0,0,0,0,0,0,0,0,0,0,0,0,0,0,0,0,0,0,0,0,0,0,0,0,0,0,0,0,0,0,0,0,0,0,0,0,0,0,0,0,0,0,0,0,0,0,0,0,0,0,0,0,0,0,0,0,0,0,0,0,0,0,0,0,0,0,0,0,0,0,0,0,0,0,0,0,0,0,0,0,0,0,0,0,0,0,0,0,0,0,0,0,0,0,0,0,0,0,0,0,0,0,0,0,0,0,0,0,0,0,0,0,0,0,0,0,0,0,0,0,0,0,0,0,0,0,0,0,0,0,0,0,0,0,0,0,0,0,0,0,0,0,0,0,0,0,0,0,0,0,0,0,0,0,0,0,0,0,0,0,0,0,0,0,0,0,0,0,0,0,0,0,0,0,0,0,0,0,0,0,0,0,0,0,0,0,0,0,0,0,0,0,0,0,0,0,0,0,0,0,0,0,0,0,0,0,0
ATASC,22,VB #22,0,0,0,0,7,2,5,0,0,0,2,0,0,0,0,0,0,0,0,0,2,0,0,0,0,0,2,0,0,2,0,0,0,2,0,0,2,0,0,2,0,0,2,0,0,2,0,0,0,2,0,0,2,0,0,2,0,0,2,0,0,0,0,0,2,0,0,2,0,0,2,0,0,2,0,0,2,0,0,0,2,0,0,2,0,0,0,2,0,0,0,0,0,0,0,0,0,0,0,0,0,0,0,2,0,0,0,0,0,0,0,0,0,0,0,0,0,0,2,0,0,0,2,0,0,0,2,0,0,0,2,0,0,0,2,0,0,0,2,0,0,0,2,0,0,0,2,0,0,0,2,0,0,0,2,0,0,0,0,0,3,0,0,0,0,0,0,0,0,0,0,1,0,0,1,0,0,0,0,0,0,0,0,0,0,3,0,0,0,0,2,0,5,0,0,0,0,0,2,1,2,3,0,0,2,0,3,0,2,1,2,0,2,0,3,0,2,3,0,0,0,2,3,1,0,1,4,0,1,3,0,2,3,0,0,0,2,0,0,0,5,0,0,5,0,0,3,0,2,3,0,2,0,0,0,0,0,0,0,2,0,3,3,0,0,2,3,0,0,2,3,0,0,2,3,0,0,2,3,0,0,2,3,0,0,2,3,0,0,2,3,0,0,2,3,0,0,2,3,0,0,2,2,1,0,2
ATASC,22,VB #22,0,0,0,0,0,0,0,0,0,0,0,0,0,0,0,0,0,0,0,0,0,0,0,0,0,0,0,0,0,0,0,0,0,0,0,0,0,0,0,0,0,0,0,0,0,0,0,0,0,0,0,0,0,0,0,0,0,0,0,0,0,0,0,0,0,0,0,0,0,0,0,0,0,0,0,0,0,0,0,0,0,0,0,0,0,0,0,0,0,0,0,0,0,0,0,0,0,0,0,0,0,0,0,0,0,0,0,0,0,0,0,0,0,0,0,0,0,0,0,0,0,0,0,0,0,0,0,0,0,0,0,0,0,0,0,0,0,0,0,0,0,0,0,0,0,0,0,0,0,0,0,0,0,0,0,0,0,0,0,0,0,0,0,0,0,0,0,0,0,0,0,0,0,0,0,0,0,0,0,0,0,0,0,0,0,0,0,0,0,0,0,0,0,0,0,0,0,0,0,0,0,0,0,0,0,0,0,0,0,0,0,0,0,0,0,0,0,0,0,0,0,0,0,0,0,0,0,0,0,0,0,0,0,0,0,0,0,0,0,0,0,0,0,0,0,0,0,0,0,0,0,0,0,0,0,0,0,0,0,0,0,0,0,0,0,0,0,0,0,0,0,0,0,0,0,0,0,0,0,0,0,0,0,0,0,0,0,0,0,0,0,0,0,0,0,0,0,0,0,0,0,0,0,0,0,0
ATASC,23,VB #23,0,0,0,0,78,34,44,0,0,0,34,0,0,0,0,0,0,0,0,9,3,18,3,0,0,1,31,0,3,23,10,0,1,31,0,3,30,0,4,31,0,3,31,0,3,19,14,0,1,31,0,3,31,0,3,31,0,3,31,0,3,0,0,0,31,0,3,31,0,3,32,0,2,31,0,3,24,9,0,1,31,0,3,0,0,0,0,0,0,0,0,31,0,3,0,0,0,0,0,0,0,0,22,11,0,1,0,0,0,0,0,0,0,0,0,0,0,0,30,4,0,0,28,6,0,0,32,2,0,0,33,1,0,0,30,4,0,0,33,1,0,0,33,1,0,0,33,1,0,0,31,3,0,0,29,5,0,0,0,0,6,0,15,0,0,0,0,0,0,2,0,1,0,0,19,0,1,3,2,2,0,0,3,0,6,19,0,1,7,0,1,28,16,0,0,22,5,3,13,0,1,36,6,0,2,10,33,0,1,15,28,0,1,9,34,0,1,32,9,2,0,1,29,14,0,1,39,0,5,41,0,3,21,9,13,0,1,0,0,0,38,0,6,43,0,1,41,0,3,0,0,0,0,0,0,0,0,0,0,41,0,3,43,1,0,0,43,1,0,0,44,0,0,0,42,2,0,0,43,1,0,0,44,0,0,0,44,0,0,0,42,1,0,1,42,2,0,0,41,3,0,0,39,5,0,0
ATASC,23,VB #23,0,0,0,0,47,29,18,0,0,0,27,2,0,0,0,0,0,0,0,1,2,22,3,0,0,1,28,0,1,14,15,0,0,27,0,2,27,0,2,27,0,2,28,0,1,15,11,0,3,27,0,2,27,0,2,27,0,2,27,0,2,0,0,0,27,0,2,27,0,2,27,0,2,27,0,2,24,4,0,1,27,0,2,0,0,0,0,0,0,0,0,27,0,2,0,0,0,0,0,0,0,0,19,9,0,1,0,0,0,0,0,0,0,0,0,0,0,0,25,3,0,1,26,3,0,0,27,1,0,1,28,1,0,0,24,5,0,0,26,3,0,0,27,2,0,0,29,0,0,0,28,1,0,0,28,1,0,0,0,0,4,2,5,1,0,0,0,0,0,6,0,0,0,0,0,0,0,1,1,3,1,2,1,0,2,3,0,0,3,0,1,10,8,0,0,5,3,2,7,0,1,15,3,0,0,2,16,0,0,6,11,0,1,3,15,0,0,16,1,1,0,0,16,1,0,1,17,0,1,17,0,1,5,1,12,0,0,0,0,0,17,0,1,18,0,0,16,0,2,0,0,0,0,0,0,0,0,0,0,17,0,1,18,0,0,0,17,0,0,1,18,0,0,0,18,0,0,0,18,0,0,0,18,0,0,0,18,0,0,0,17,0,0,1,18,0,0,0,17,1,0,0,16,2,0,0
ATASC,23,VB #23,0,0,0,0,0,0,0,0,0,0,0,0,0,0,0,0,0,0,0,0,0,0,0,0,0,0,0,0,0,0,0,0,0,0,0,0,0,0,0,0,0,0,0,0,0,0,0,0,0,0,0,0,0,0,0,0,0,0,0,0,0,0,0,0,0,0,0,0,0,0,0,0,0,0,0,0,0,0,0,0,0,0,0,0,0,0,0,0,0,0,0,0,0,0,0,0,0,0,0,0,0,0,0,0,0,0,0,0,0,0,0,0,0,0,0,0,0,0,0,0,0,0,0,0,0,0,0,0,0,0,0,0,0,0,0,0,0,0,0,0,0,0,0,0,0,0,0,0,0,0,0,0,0,0,0,0,0,0,0,0,0,0,0,0,0,0,0,0,0,0,0,0,0,0,0,0,0,0,0,0,0,0,0,0,0,0,0,0,0,0,0,0,0,0,0,0,0,0,0,0,0,0,0,0,0,0,0,0,0,0,0,0,0,0,0,0,0,0,0,0,0,0,0,0,0,0,0,0,0,0,0,0,0,0,0,0,0,0,0,0,0,0,0,0,0,0,0,0,0,0,0,0,0,0,0,0,0,0,0,0,0,0,0,0,0,0,0,0,0,0,0,0,0,0,0,0,0,0,0,0,0,0,0,0,0,0,0,0,0,0,0,0,0,0,0,0,0,0,0,0,0,0,0,0,0,0
ATASC,23,VB #23,0,0,0,0,9,0,9,0,0,0,0,0,0,0,0,0,0,0,0,0,0,0,0,0,0,0,0,0,0,0,0,0,0,0,0,0,0,0,0,0,0,0,0,0,0,0,0,0,0,0,0,0,0,0,0,0,0,0,0,0,0,0,0,0,0,0,0,0,0,0,0,0,0,0,0,0,0,0,0,0,0,0,0,0,0,0,0,0,0,0,0,0,0,0,0,0,0,0,0,0,0,0,0,0,0,0,0,0,0,0,0,0,0,0,0,0,0,0,0,0,0,0,0,0,0,0,0,0,0,0,0,0,0,0,0,0,0,0,0,0,0,0,0,0,0,0,0,0,0,0,0,0,0,0,0,0,0,0,0,0,2,0,2,1,0,0,0,0,0,3,0,0,0,0,1,0,0,2,0,0,0,1,0,1,0,2,0,0,3,0,0,4,5,0,0,2,2,2,3,0,0,5,3,0,1,4,4,0,1,4,4,0,1,6,2,0,1,7,1,1,0,0,7,2,0,0,9,0,0,9,0,0,5,3,1,0,0,0,0,0,9,0,0,9,0,0,9,0,0,0,0,0,0,0,0,0,0,0,0,9,0,0,9,0,0,0,9,0,0,0,9,0,0,0,9,0,0,0,9,0,0,0,9,0,0,0,9,0,0,0,9,0,0,0,8,0,0,1,8,1,0,0,8,1,0,0
ATASC,23,VB #23,0,0,0,0,0,0,0,0,0,0,0,0,0,0,0,0,0,0,0,0,0,0,0,0,0,0,0,0,0,0,0,0,0,0,0,0,0,0,0,0,0,0,0,0,0,0,0,0,0,0,0,0,0,0,0,0,0,0,0,0,0,0,0,0,0,0,0,0,0,0,0,0,0,0,0,0,0,0,0,0,0,0,0,0,0,0,0,0,0,0,0,0,0,0,0,0,0,0,0,0,0,0,0,0,0,0,0,0,0,0,0,0,0,0,0,0,0,0,0,0,0,0,0,0,0,0,0,0,0,0,0,0,0,0,0,0,0,0,0,0,0,0,0,0,0,0,0,0,0,0,0,0,0,0,0,0,0,0,0,0,0,0,0,0,0,0,0,0,0,0,0,0,0,0,0,0,0,0,0,0,0,0,0,0,0,0,0,0,0,0,0,0,0,0,0,0,0,0,0,0,0,0,0,0,0,0,0,0,0,0,0,0,0,0,0,0,0,0,0,0,0,0,0,0,0,0,0,0,0,0,0,0,0,0,0,0,0,0,0,0,0,0,0,0,0,0,0,0,0,0,0,0,0,0,0,0,0,0,0,0,0,0,0,0,0,0,0,0,0,0,0,0,0,0,0,0,0,0,0,0,0,0,0,0,0,0,0,0,0,0,0,0,0,0,0,0,0,0,0,0,0,0,0,0,0,0
ATASC,24,VB #24,0,0,0,0,205,105,100,0,0,0,96,0,0,1,3,0,5,0,0,11,11,71,9,0,0,3,99,0,6,67,29,0,9,100,0,5,101,0,4,101,0,4,100,0,5,60,37,0,8,101,0,4,100,0,5,100,0,5,100,0,5,0,0,0,99,0,6,101,0,4,101,0,4,100,0,5,86,15,0,4,101,0,4,0,0,0,0,0,0,0,0,101,0,4,0,0,0,0,0,0,0,0,62,37,0,6,0,0,0,0,0,0,0,0,52,47,0,6,88,15,0,2,88,15,0,2,99,4,0,2,97,5,0,3,98,4,0,3,93,10,0,2,103,0,0,2,100,3,0,2,100,3,0,2,99,4,0,2,0,0,9,0,42,1,0,0,0,0,3,3,0,0,0,0,42,0,0,20,4,7,1,5,3,1,7,29,4,1,11,0,7,74,21,0,5,42,9,11,29,0,9,74,17,0,9,20,71,0,9,31,61,0,8,21,72,0,7,66,20,5,0,9,73,18,0,9,83,0,17,91,0,9,25,17,49,0,9,0,0,0,88,0,12,91,0,9,89,0,11,0,0,0,0,0,0,0,0,0,0,89,0,11,93,6,0,1,92,6,0,2,95,4,0,1,96,3,0,1,95,3,0,2,95,3,0,2,91,7,0,2,96,2,0,2,94,4,0,2,94,3,0,3,90,6,0,4
ATASC,24,VB #24,0,0,0,0,183,126,57,0,0,0,121,0,1,2,0,0,2,0,0,10,13,91,6,3,0,3,115,0,11,81,37,0,8,118,0,8,114,0,12,118,0,8,113,0,13,57,58,0,11,116,0,10,115,0,11,117,0,9,115,0,11,0,0,0,113,0,13,116,0,10,115,0,11,114,0,12,110,12,0,4,121,0,5,0,0,0,0,0,0,0,0,116,0,10,0,0,0,0,0,0,0,0,76,43,0,7,0,0,0,0,0,0,0,0,50,66,0,10,112,13,0,1,100,24,0,2,114,11,0,1,115,10,0,1,116,9,0,1,117,7,0,2,122,3,0,1,121,3,0,2,118,7,0,1,118,6,0,2,1,0,16,4,15,0,0,0,0,0,0,6,0,0,0,3,11,0,1,19,2,6,0,2,1,1,2,15,0,1,6,0,2,40,17,0,0,21,4,4,26,0,2,48,6,0,3,14,40,0,3,23,31,0,3,12,42,0,3,40,7,6,0,4,49,4,0,4,52,0,5,53,0,4,24,3,26,0,4,0,0,0,53,0,4,53,0,4,54,0,3,0,0,0,0,0,0,0,0,0,0,53,0,4,55,1,0,1,54,3,0,0,55,1,0,1,54,2,0,1,55,2,0,0,53,2,0,2,51,4,0,2,55,2,0,0,55,0,0,2,53,2,0,2,54,1,0,2
ATASC,24,VB #24,0,0,0,0,0,0,0,0,0,0,0,0,0,0,0,0,0,0,0,0,0,0,0,0,0,0,0,0,0,0,0,0,0,0,0,0,0,0,0,0,0,0,0,0,0,0,0,0,0,0,0,0,0,0,0,0,0,0,0,0,0,0,0,0,0,0,0,0,0,0,0,0,0,0,0,0,0,0,0,0,0,0,0,0,0,0,0,0,0,0,0,0,0,0,0,0,0,0,0,0,0,0,0,0,0,0,0,0,0,0,0,0,0,0,0,0,0,0,0,0,0,0,0,0,0,0,0,0,0,0,0,0,0,0,0,0,0,0,0,0,0,0,0,0,0,0,0,0,0,0,0,0,0,0,0,0,0,0,0,0,0,0,0,0,0,0,0,0,0,0,0,0,0,0,0,0,0,0,0,0,0,0,0,0,0,0,0,0,0,0,0,0,0,0,0,0,0,0,0,0,0,0,0,0,0,0,0,0,0,0,0,0,0,0,0,0,0,0,0,0,0,0,0,0,0,0,0,0,0,0,0,0,0,0,0,0,0,0,0,0,0,0,0,0,0,0,0,0,0,0,0,0,0,0,0,0,0,0,0,0,0,0,0,0,0,0,0,0,0,0,0,0,0,0,0,0,0,0,0,0,0,0,0,0,0,0,0,0,0,0,0,0,0,0,0,0,0,0,0,0,0,0,0,0,0,0
ATASC,24,VB #24,0,0,0,0,15,2,13,0,0,0,2,0,0,0,0,0,0,0,0,0,0,2,0,0,0,0,2,0,0,0,2,0,0,2,0,0,2,0,0,2,0,0,2,0,0,0,2,0,0,2,0,0,2,0,0,2,0,0,2,0,0,0,0,0,2,0,0,2,0,0,2,0,0,2,0,0,2,0,0,0,2,0,0,0,0,0,0,0,0,0,0,2,0,0,0,0,0,0,0,0,0,0,0,2,0,0,0,0,0,0,0,0,0,0,2,0,0,0,2,0,0,0,2,0,0,0,2,0,0,0,2,0,0,0,2,0,0,0,2,0,0,0,2,0,0,0,2,0,0,0,2,0,0,0,2,0,0,0,0,0,7,1,3,0,0,0,0,0,0,0,0,0,0,2,0,0,0,5,0,0,0,0,2,0,0,1,1,0,1,0,3,7,6,0,0,6,1,2,2,0,2,10,2,0,1,6,5,0,2,5,6,0,2,5,6,0,2,5,4,1,0,3,8,3,0,2,9,0,4,10,0,3,4,1,6,0,2,0,0,0,11,0,2,11,0,2,9,0,4,0,0,0,0,0,0,0,0,0,0,10,0,3,13,0,0,0,13,0,0,0,13,0,0,0,13,0,0,0,13,0,0,0,13,0,0,0,12,1,0,0,12,1,0,0,13,0,0,0,12,0,0,1,13,0,0,0
ATASC,24,VB #24,0,0,0,0,1,0,1,0,0,0,0,0,0,0,0,0,0,0,0,0,0,0,0,0,0,0,0,0,0,0,0,0,0,0,0,0,0,0,0,0,0,0,0,0,0,0,0,0,0,0,0,0,0,0,0,0,0,0,0,0,0,0,0,0,0,0,0,0,0,0,0,0,0,0,0,0,0,0,0,0,0,0,0,0,0,0,0,0,0,0,0,0,0,0,0,0,0,0,0,0,0,0,0,0,0,0,0,0,0,0,0,0,0,0,0,0,0,0,0,0,0,0,0,0,0,0,0,0,0,0,0,0,0,0,0,0,0,0,0,0,0,0,0,0,0,0,0,0,0,0,0,0,0,0,0,0,0,0,0,0,0,0,1,0,0,0,0,0,0,0,0,0,0,0,0,0,0,0,0,0,0,0,0,0,0,0,0,0,0,0,1,1,0,0,0,0,0,0,0,0,1,0,0,0,1,0,0,0,1,0,0,0,1,0,0,0,1,0,0,0,0,1,0,0,0,1,0,0,1,1,0,0,0,0,0,0,1,0,0,0,1,0,0,0,0,1,0,0,1,0,0,0,0,0,0,0,0,0,0,0,0,1,1,0,0,0,1,0,0,0,1,0,0,0,1,0,0,0,1,0,0,0,1,0,0,0,1,0,0,0,1,0,0,0,1,0,0,0,1,0,0,0,1,0,0,0
ATASC,ZZZ,COUNTY TOTALS,0,0,0,0,7369,4522,2847,0,1,2,4220,30,9,27,14,5,180,0,35,484,408,3103,336,46,0,145,4206,0,316,3114,1172,0,236,4229,0,293,4214,0,308,4230,0,292,4204,0,318,2126,2057,0,339,4196,0,326,4200,0,322,4188,0,334,4089,0,247,170,0,16,4147,0,375,4159,0,363,4259,0,263,4245,0,277,3673,774,0,75,4349,0,173,888,0,44,147,381,369,0,35,793,0,48,932,0,52,897,522,332,0,14,2619,1606,0,297,115,49,0,7,86,76,0,2,104,113,0,16,3822,650,1,49,3713,752,0,57,4109,326,0,87,4156,285,0,81,4036,402,0,84,4151,277,0,94,4348,100,0,74,4363,78,0,81,4177,266,0,79,4062,364,0,96,25,9,585,76,741,11,2,5,142,3,10,207,6,51,14,41,806,5,108,456,130,196,40,66,108,52,261,639,80,84,371,0,364,1168,1582,0,97,1292,314,248,698,4,291,1769,762,0,316,973,1545,0,329,970,1521,0,356,836,1674,0,337,1648,628,226,0,345,1880,633,0,334,2372,0,475,2477,0,370,1237,430,896,0,230,48,0,6,2536,0,311,2493,0,354,2633,0,214,497,0,82,953,0,75,656,288,0,84,2456,0,391,2607,167,0,73,2604,144,0,99,2673,77,0,97,2623,116,0,108,2646,93,0,108,2646,88,0,113,2555,162,0,130,2580,130,0,137,2620,91,0,136,2525,187,0,135,2430,256,0,161
