COUNTY NUMBER,PRECINCT CODE,PRECINCT NAME,REGISTERED VOTERS TOTAL,BALLOTS CAST TOTAL,BALLOTS CAST BLANK,President / Vice-President,President / Vice-President,President / Vice-President,President / Vice-President,President / Vice-President,President / Vice-President,President / Vice-President,US Senator,US Senator,US Senator,US Senator,US Senator,US Senator,US Senator,"US Representative, Dist 28","US Representative, Dist 28","US Representative, Dist 28","US Representative, Dist 28","US Representative, Dist 28",Railroad Commissioner,Railroad Commissioner,Railroad Commissioner,Railroad Commissioner,Railroad Commissioner,Railroad Commissioner,"Chief Justice, Supreme Court","Chief Justice, Supreme Court","Chief Justice, Supreme Court","Chief Justice, Supreme Court","Chief Justice, Supreme Court","Justice, Supreme Court, Pl 6","Justice, Supreme Court, Pl 6","Justice, Supreme Court, Pl 6","Justice, Supreme Court, Pl 6","Justice, Supreme Court, Pl 7","Justice, Supreme Court, Pl 7","Justice, Supreme Court, Pl 7","Justice, Supreme Court, Pl 7","Justice, Supreme Court, Pl 7","Justice, Supreme Court, Pl 8","Justice, Supreme Court, Pl 8","Justice, Supreme Court, Pl 8","Justice, Supreme Court, Pl 8","Justice, Supreme Court, Pl 8","Judge, Ct of Crim App, Pl 3","Judge, Ct of Crim App, Pl 3","Judge, Ct of Crim App, Pl 3","Judge, Ct of Crim App, Pl 3","Judge, Ct of Crim App, Pl 4","Judge, Ct of Crim App, Pl 4","Judge, Ct of Crim App, Pl 4","Judge, Ct of Crim App, Pl 4","Judge, Ct of Crim App, Pl 9","Judge, Ct of Crim App, Pl 9","Judge, Ct of Crim App, Pl 9","Judge, Ct of Crim App, Pl 9","Member, State BoE, Dist 1","Member, State BoE, Dist 1","Member, State BoE, Dist 1","Member, State BoE, Dist 1","State Senator, Dist 19","State Senator, Dist 19","State Senator, Dist 19","State Senator, Dist 19","State Senator, Dist 19","State Senator, Dist 21","State Senator, Dist 21","State Senator, Dist 21","State Senator, Dist 21","State Representative, Dist 31","State Representative, Dist 31","State Representative, Dist 31","State Representative, Dist 31","Chief Justice, 4th Ct of App Dist","Chief Justice, 4th Ct of App Dist","Chief Justice, 4th Ct of App Dist","Chief Justice, 4th Ct of App Dist","Dist Attorney, 81st Judicial Dist","Dist Attorney, 81st Judicial Dist","Dist Attorney, 81st Judicial Dist",County Attorney,County Attorney,County Attorney,Sheriff,Sheriff,Sheriff,Sheriff,County Tax Assessor-Collector,County Tax Assessor-Collector,County Tax Assessor-Collector,County Commissioner Pct 1,County Commissioner Pct 1,County Commissioner Pct 1,County Commissioner Pct 1,County Commissioner Pct 3,County Commissioner Pct 3,County Commissioner Pct 3,Constable Pct 1,Constable Pct 1,Constable Pct 1,Constable Pct 2,Constable Pct 2,Constable Pct 2,Constable Pct 3,Constable Pct 3,Constable Pct 3,Constable Pct 3,Constable Pct 4,Constable Pct 4,Constable Pct 4,Mayor Lytle,Mayor Lytle,Mayor Lytle,Mayor Lytle,City Council Lytel Dist 4,City Council Lytel Dist 4,City Council Lytel Dist 4,City Council Lytel Dist 5,City Council Lytel Dist 5,City Council Lytel Dist 5,City Council Lytel Dist 5,Proposition A Lytle,Proposition A Lytle,Proposition A Lytle,Proposition A Lytle,MAYOR Jourdanton,MAYOR Jourdanton,MAYOR Jourdanton,MAYOR Jourdanton,(2) COUNCIL MEMBERS Jourdanton,(2) COUNCIL MEMBERS Jourdanton,(2) COUNCIL MEMBERS Jourdanton,(2) COUNCIL MEMBERS Jourdanton,(2) COUNCIL MEMBERS Jourdanton,(2) COUNCIL MEMBERS Jourdanton,(2) COUNCIL MEMBERS Jourdanton,(2) COUNCIL MEMBERS Jourdanton,Mayor Christine,Mayor Christine,Mayor Christine,Mayor Christine,Alderman Christine,Alderman Christine,Alderman Christine,Alderman Christine,School Board JISD Dist 2,School Board JISD Dist 2,School Board JISD Dist 2,School Board JISD Dist 2,School Board JISD Dist 3,School Board JISD Dist 3,School Board JISD Dist 3,School Board JISD Dist 3,Proposition A Karnes ISD,Proposition A Karnes ISD,Proposition A Karnes ISD,Proposition A Karnes ISD,Proposition B Karnes ISD,Proposition B Karnes ISD,Proposition B Karnes ISD,Proposition B Karnes ISD,ESD NO. 1 Prop A,ESD NO. 1 Prop A,ESD NO. 1 Prop A,ESD NO. 1 Prop A,Councilmember Place 1: Poteet,Councilmember Place 1: Poteet,Councilmember Place 1: Poteet,Councilmember Place 2: Poteet,Councilmember Place 2: Poteet,Councilmember Place 2: Poteet,Councilmember Place 3: Poteet,Councilmember Place 3: Poteet,Councilmember Place 3: Poteet,Councilmember Place 3: Poteet,
,,,,,,NON,NON,NON,NON,NON,NON,NON,NON,NON,NON,NON,NON,NON,NON,NON,NON,NON,NON,NON,NON,NON,NON,NON,NON,NON,NON,NON,NON,NON,NON,NON,NON,NON,NON,NON,NON,NON,NON,NON,NON,NON,NON,NON,NON,NON,NON,NON,NON,NON,NON,NON,NON,NON,NON,NON,NON,NON,NON,NON,NON,NON,NON,NON,NON,NON,NON,NON,NON,NON,NON,NON,NON,NON,NON,NON,NON,NON,NON,NON,NON,NON,NON,NON,NON,NON,NON,NON,NON,NON,NON,NON,NON,NON,NON,NON,NON,NON,NON,NON,NON,NON,NON,NON,NON,NON,NON,NON,NON,NON,NON,NON,NON,NON,NON,NON,NON,NON,NON,NON,NON,NON,NON,NON,NON,NON,NON,NON,NON,NON,NON,NON,NON,NON,NON,NON,NON,NON,NON,NON,NON,NON,NON,NON,NON,NON,NON,NON,NON,NON,NON,NON,NON,NON,NON,NON,NON,NON,NON,NON,NON,NON,NON,NON,NON,NON,NON,NON,NON,NON,NON,NON,NON,NON,NON,NON,
,,,VOTERS,BALLOTS CAST,BALLOTS CAST,REP Donald J. Trump / Michael R. Pence,DEM Joseph R. Biden / Kamala D. Harris,"LIB Jo Jorgensen / Jeremy ""Spike"" Cohen",GRN Howie Hawkins / Angela Walker,Write-in,OVER VOTES,UNDER VOTES,REP John Cornyn,"DEM Mary ""MJ"" Hegar",LIB Kerry Douglas McKennon,GRN David B. Collins,Write-in,OVER VOTES,UNDER VOTES,REP Sandra Whitten,DEM Henry Cuellar,LIB Bekah Congdon,OVER VOTES,UNDER VOTES,"REP James ""Jim"" Wright",DEM Chrysta Castaneda,LIB Matt Sterett,"GRN Katija ""Kat"" Gruene",OVER VOTES,UNDER VOTES,REP Nathan Hecht,DEM Amy Clark Meachum,LIB Mark Ash,OVER VOTES,UNDER VOTES,REP Jane Bland,DEM Kathy Cheng,OVER VOTES,UNDER VOTES,REP Jeff Boyd,DEM Staci Williams,LIB William Bryan Strange III,OVER VOTES,UNDER VOTES,REP Brett Busby,DEM Gisela D. Triana,LIB Tom Oxford,OVER VOTES,UNDER VOTES,REP Bert Richardson,DEM Elizabeth Davis Frizell,OVER VOTES,UNDER VOTES,REP Kevin Patrick Yeary,DEM Tina Clinton,OVER VOTES,UNDER VOTES,REP David Newell,DEM Brandon Birmingham,OVER VOTES,UNDER VOTES,REP Jennifer Ivey,DEM Georgina Perez,OVER VOTES,UNDER VOTES,"REP Peter P. ""Pete"" Flores",DEM Roland Gutierrez,LIB Jo-Anne Valvdivia,OVER VOTES,UNDER VOTES,REP Frank Pomeroy,DEM Judith Zaffirini,OVER VOTES,UNDER VOTES,REP Marian Knowlton,DEM Ryan Guillen,OVER VOTES,UNDER VOTES,REP Renee Yanta,DEM Rebeca Martinez,OVER VOTES,UNDER VOTES,REP Audrey Gossett Louis,OVER VOTES,UNDER VOTES,REP Lucinda A. Vickers,OVER VOTES,UNDER VOTES,REP David Soward,DEM Rick Luna,OVER VOTES,UNDER VOTES,REP Loretta Holley,OVER VOTES,UNDER VOTES,REP Mark Gillespie,DEM David Caballero,OVER VOTES,UNDER VOTES,DEM Eliseo Perez,OVER VOTES,UNDER VOTES,"REP Miguel ""Mike"" Mares Jr",OVER VOTES,UNDER VOTES,"REP Edward ""Ed"" Richter",OVER VOTES,UNDER VOTES,REP Cregg M. Thompson,"DEM Armando ""Mando"" Vidales",OVER VOTES,UNDER VOTES,"REP William ""Bill"" Meadows",OVER VOTES,UNDER VOTES,Ruben Gonzalez,Mark Bowen,OVER VOTES,UNDER VOTES,Jerry Stone,OVER VOTES,UNDER VOTES,Charles Cate,Frank Carrillo,OVER VOTES,UNDER VOTES,For,Against,OVER VOTES,UNDER VOTES,"Robert ""Doc"" Williams",Write-in,OVER VOTES,UNDER VOTES,Chester B. Gonzales,Chester B. Gonzales,Dustin Titzman,Dustin Titzman,Raul (Roy) Morales,Raul (Roy) Morales,OVER VOTES,UNDER VOTES,Jerry Flores,Stephen Martinez,OVER VOTES,UNDER VOTES,Elizabeth Guerra,Mary Alice Monse,OVER VOTES,UNDER VOTES,Rita Munoz,Jennifer Iruegas,OVER VOTES,UNDER VOTES,Phillip Netardus,Write-in,OVER VOTES,UNDER VOTES,FOR,AGAINST,OVER VOTES,UNDER VOTES,FOR,AGAINST,OVER VOTES,UNDER VOTES,For,Against,OVER VOTES,UNDER VOTES,Nicholas Sanchez,OVER VOTES,UNDER VOTES,Denise Leal Sanchez,OVER VOTES,UNDER VOTES,Rick T. Flores Sr.,Jeremy Fernandez,OVER VOTES,UNDER VOTES,
ATASC,0001,VB #1,895,55,0,23,29,0,0,0,3,0,25,29,0,1,0,0,0,14,41,0,0,0,23,30,0,0,2,0,23,31,0,0,1,22,32,0,1,24,31,0,0,0,25,30,0,0,0,26,28,0,1,22,32,0,1,22,32,0,1,21,34,0,0,25,30,0,0,0,0,0,0,0,19,35,0,1,22,33,0,0,37,0,18,40,0,15,16,39,0,0,39,0,16,0,0,0,0,0,0,0,0,0,0,0,0,0,0,0,0,0,39,0,16,0,0,0,0,0,0,0,0,0,0,0,0,0,0,0,0,0,0,0,0,0,0,0,0,0,0,0,0,0,0,0,0,0,0,0,0,0,0,0,0,0,0,0,0,0,0,0,0,0,0,0,0,0,0,0,0,0,0,0,0,0,0,0,0,0,
ATASC,0001,VB #1,895,459,0,363,91,3,1,0,0,1,368,79,7,1,0,0,4,328,123,5,0,3,354,89,6,5,0,5,355,92,7,0,5,368,85,0,6,359,87,8,0,5,360,86,6,0,7,362,91,0,6,368,83,0,8,370,82,0,7,357,94,0,8,374,76,7,0,2,0,0,0,0,339,116,0,4,360,93,0,6,432,0,27,432,0,27,299,157,0,3,438,0,21,0,0,0,0,0,0,0,0,0,0,0,0,0,0,0,0,0,432,0,27,0,0,0,0,0,0,0,0,0,0,0,0,0,0,0,0,0,0,0,0,0,0,0,0,0,0,0,0,0,0,0,0,0,0,0,0,0,0,0,0,0,0,0,0,0,0,0,0,0,0,0,0,0,0,0,0,0,0,0,0,0,0,0,0,0,
ATASC,0001,VB #1,895,1,0,1,0,0,0,0,0,0,0,0,0,0,0,0,1,1,0,0,0,0,1,0,0,0,0,0,1,0,0,0,0,1,0,0,0,1,0,0,0,0,1,0,0,0,0,1,0,0,0,1,0,0,0,1,0,0,0,1,0,0,0,1,0,0,0,0,0,0,0,0,1,0,0,0,1,0,0,0,1,0,0,1,0,0,1,0,0,0,1,0,0,0,0,0,0,0,0,0,0,0,0,0,0,0,0,0,0,0,1,0,0,0,0,0,0,0,0,0,0,0,0,0,0,0,0,0,0,0,0,0,0,0,0,0,0,0,0,0,0,0,0,0,0,0,0,0,0,0,0,0,0,0,0,0,0,0,0,0,0,0,0,0,0,0,0,0,0,0,0,0,0,0,0,0,0,0,
ATASC,0001,VB #1,895,84,0,64,20,0,0,0,0,0,65,18,0,1,0,0,0,59,24,1,0,0,62,20,1,1,0,0,63,20,1,0,0,62,22,0,0,63,20,1,0,0,61,21,2,0,0,64,20,0,0,63,21,0,0,64,20,0,0,61,23,0,0,64,20,0,0,0,0,0,0,0,57,27,0,0,62,22,0,0,82,0,2,83,0,1,51,33,0,0,83,0,1,0,0,0,0,0,0,0,0,0,0,0,0,0,0,0,0,0,83,0,1,0,0,0,0,0,0,0,0,0,0,0,0,0,0,0,0,0,0,0,0,0,0,0,0,0,0,0,0,0,0,0,0,0,0,0,0,0,0,0,0,0,0,0,0,0,0,0,0,0,0,0,0,0,0,0,0,0,0,0,0,0,0,0,0,0,
ATASC,0002,VB #2,1578,67,0,27,39,1,0,0,0,0,31,33,1,1,1,0,0,25,39,3,0,0,27,37,3,0,0,0,29,36,2,0,0,31,34,0,2,30,34,3,0,0,28,36,3,0,0,29,38,0,0,30,36,0,1,31,36,0,0,31,36,0,0,30,34,2,1,0,0,0,0,0,25,41,0,1,26,40,0,1,42,0,25,41,0,26,35,30,0,2,45,0,22,0,0,0,0,0,0,0,0,0,0,45,0,22,0,0,0,0,0,0,0,0,0,0,0,0,0,0,0,0,0,0,0,0,0,0,0,0,0,0,0,0,0,0,0,0,0,0,0,0,0,0,0,0,0,0,0,0,0,0,0,0,0,0,0,0,0,0,0,0,0,0,0,0,0,1,0,0,0,0,0,0,0,0,0,0,
ATASC,0002,VB #2,1578,575,0,330,238,4,3,0,0,0,329,229,7,2,1,0,7,307,246,17,0,5,321,232,9,7,0,6,321,233,14,0,7,324,240,0,11,327,222,15,0,11,315,234,14,0,12,334,230,0,11,330,232,0,13,333,228,0,14,327,237,0,11,338,209,17,0,11,0,0,0,0,322,242,0,11,322,241,0,12,511,0,64,516,0,59,316,249,0,10,518,0,57,0,0,0,0,0,0,0,0,0,0,514,0,61,0,0,0,0,0,0,0,0,0,0,0,0,0,0,0,0,0,0,0,0,0,0,0,0,0,0,0,0,0,0,0,0,0,0,0,0,0,0,0,0,0,0,0,0,0,0,0,0,0,0,0,0,0,0,0,0,0,0,35,24,0,0,0,0,0,0,0,0,0,0,0,0,
ATASC,0002,VB #2,1578,1,0,1,0,0,0,0,0,0,1,0,0,0,0,0,0,1,0,0,0,0,1,0,0,0,0,0,1,0,0,0,0,1,0,0,0,1,0,0,0,0,1,0,0,0,0,1,0,0,0,1,0,0,0,1,0,0,0,1,0,0,0,1,0,0,0,0,0,0,0,0,1,0,0,0,1,0,0,0,1,0,0,1,0,0,1,0,0,0,1,0,0,0,0,0,0,0,0,0,0,0,0,1,0,0,0,0,0,0,0,0,0,0,0,0,0,0,0,0,0,0,0,0,0,0,0,0,0,0,0,0,0,0,0,0,0,0,0,0,0,0,0,0,0,0,0,0,0,0,0,0,0,0,0,0,0,0,0,0,0,0,0,0,0,0,0,0,0,0,0,0,0,0,0,0,0,0,
ATASC,0002,VB #2,1578,146,0,89,56,1,0,0,0,0,89,47,3,2,0,0,5,80,59,3,0,4,81,55,2,1,0,7,81,55,5,0,5,88,54,0,4,83,51,7,0,5,78,54,8,0,6,84,57,0,5,84,56,0,6,90,51,0,5,86,54,0,6,83,52,6,0,5,0,0,0,0,79,61,0,6,79,62,0,5,130,0,16,134,0,12,72,71,0,3,132,0,14,0,0,0,0,0,0,0,0,0,0,132,0,14,0,0,0,0,0,0,0,0,0,0,0,0,0,0,0,0,0,0,0,0,0,0,0,0,0,0,0,0,0,0,0,0,0,0,0,0,0,0,0,0,0,0,0,0,0,0,0,0,0,0,0,0,0,0,0,0,0,0,8,5,0,0,0,0,0,0,0,0,0,0,0,0,
ATASC,0003,VB #3,1836,111,0,46,64,0,0,0,0,1,54,51,0,1,0,0,5,34,76,0,0,1,44,62,1,0,0,4,42,62,1,0,6,45,61,0,5,43,63,0,0,5,45,61,0,0,5,50,56,0,5,46,58,0,7,39,62,0,10,43,63,0,5,51,59,0,0,1,0,0,0,0,36,73,0,2,41,64,0,6,75,0,36,80,0,31,51,58,0,2,81,0,30,0,0,0,0,0,0,0,0,0,0,0,0,0,0,0,0,0,82,0,29,0,0,0,0,0,0,0,0,0,0,0,0,0,0,0,2,0,0,0,2,1,1,0,0,0,0,0,0,0,0,0,0,0,0,0,0,0,0,0,0,0,0,0,0,0,0,0,0,0,0,0,0,0,0,0,0,0,0,0,0,0,0,0,0,0,
ATASC,0003,VB #3,1836,738,0,513,214,6,3,1,0,1,505,210,14,4,0,0,5,437,276,14,0,11,493,223,11,5,0,6,489,222,16,0,11,502,229,0,7,491,229,11,0,7,492,226,14,0,6,495,234,0,9,501,226,0,11,506,222,0,10,482,238,0,18,517,194,13,0,14,0,0,0,0,453,267,0,18,487,235,0,16,672,0,66,676,0,62,396,327,0,15,685,0,53,0,0,0,0,0,0,0,0,0,0,0,0,0,0,0,0,0,678,0,60,0,0,0,0,0,0,0,0,0,0,0,0,0,0,0,40,0,0,6,15,13,11,5,26,12,0,10,0,0,0,0,0,0,0,0,0,0,0,0,0,0,0,0,0,0,0,0,0,0,0,0,0,0,0,0,0,0,0,0,0,0,0,0,0,0,
ATASC,0003,VB #3,1836,0,0,0,0,0,0,0,0,0,0,0,0,0,0,0,0,0,0,0,0,0,0,0,0,0,0,0,0,0,0,0,0,0,0,0,0,0,0,0,0,0,0,0,0,0,0,0,0,0,0,0,0,0,0,0,0,0,0,0,0,0,0,0,0,0,0,0,0,0,0,0,0,0,0,0,0,0,0,0,0,0,0,0,0,0,0,0,0,0,0,0,0,0,0,0,0,0,0,0,0,0,0,0,0,0,0,0,0,0,0,0,0,0,0,0,0,0,0,0,0,0,0,0,0,0,0,0,0,0,0,0,0,0,0,0,0,0,0,0,0,0,0,0,0,0,0,0,0,0,0,0,0,0,0,0,0,0,0,0,0,0,0,0,0,0,0,0,0,0,0,0,0,0,0,0,0,0,
ATASC,0003,VB #3,1836,187,0,128,55,3,0,0,0,1,132,41,5,3,0,0,6,93,88,2,0,4,120,55,1,3,0,8,119,55,5,0,8,121,58,0,8,122,56,2,0,7,116,60,5,0,6,126,55,0,6,122,58,0,7,122,59,0,6,115,67,0,5,130,49,4,0,4,0,0,0,0,114,68,0,5,115,66,0,6,173,0,14,175,0,12,83,103,0,1,173,0,14,0,0,0,0,0,0,0,0,0,0,0,0,0,0,0,0,0,174,0,13,0,0,0,0,0,0,0,0,0,0,0,0,0,0,0,12,0,0,0,4,5,6,1,7,0,0,1,0,0,0,0,0,0,0,0,0,0,0,0,0,0,0,0,0,0,0,0,0,0,0,0,0,0,0,0,0,0,0,0,0,0,0,0,0,0,
ATASC,0004,VB #4,154,9,0,2,7,0,0,0,0,0,2,6,0,0,0,0,1,2,7,0,0,0,2,7,0,0,0,0,2,6,0,0,1,2,7,0,0,2,7,0,0,0,2,7,0,0,0,2,7,0,0,2,6,0,1,2,7,0,0,2,6,0,1,0,0,0,0,0,2,7,0,0,2,7,0,0,2,7,0,0,2,0,7,2,0,7,2,6,0,1,4,0,5,0,0,0,0,0,0,0,0,0,0,0,0,0,0,0,0,0,3,0,6,0,0,0,0,0,0,0,0,0,0,0,0,0,0,0,0,0,0,0,0,0,0,0,0,0,0,0,0,0,0,0,0,0,0,0,0,0,0,0,0,0,0,0,0,0,0,0,0,0,0,0,0,0,0,0,0,0,0,0,0,0,0,0,0,0,
ATASC,0004,VB #4,154,30,0,28,2,0,0,0,0,0,26,3,0,0,0,0,1,21,8,1,0,0,26,4,0,0,0,0,26,3,0,0,1,26,3,0,1,26,3,0,0,1,26,3,0,0,1,26,3,0,1,25,4,0,1,26,3,0,1,26,3,0,1,0,0,0,0,0,22,7,0,1,22,8,0,0,26,4,0,0,28,0,2,28,0,2,23,7,0,0,28,0,2,0,0,0,0,0,0,0,0,0,0,0,0,0,0,0,0,0,29,0,1,0,0,0,0,0,0,0,0,0,0,0,0,0,0,0,0,0,0,0,0,0,0,0,0,0,0,0,0,0,0,0,0,0,0,0,0,0,0,0,0,0,0,0,0,0,0,0,0,0,0,0,0,0,0,0,0,0,0,0,0,0,0,0,0,0,
ATASC,0004,VB #4,154,0,0,0,0,0,0,0,0,0,0,0,0,0,0,0,0,0,0,0,0,0,0,0,0,0,0,0,0,0,0,0,0,0,0,0,0,0,0,0,0,0,0,0,0,0,0,0,0,0,0,0,0,0,0,0,0,0,0,0,0,0,0,0,0,0,0,0,0,0,0,0,0,0,0,0,0,0,0,0,0,0,0,0,0,0,0,0,0,0,0,0,0,0,0,0,0,0,0,0,0,0,0,0,0,0,0,0,0,0,0,0,0,0,0,0,0,0,0,0,0,0,0,0,0,0,0,0,0,0,0,0,0,0,0,0,0,0,0,0,0,0,0,0,0,0,0,0,0,0,0,0,0,0,0,0,0,0,0,0,0,0,0,0,0,0,0,0,0,0,0,0,0,0,0,0,0,0,
ATASC,0004,VB #4,154,64,0,50,14,0,0,0,0,0,46,15,0,0,0,0,3,33,28,1,0,2,43,19,0,0,0,2,41,20,1,0,2,45,16,0,3,45,16,0,0,3,43,17,1,0,3,46,15,0,3,43,18,0,3,44,17,0,3,43,17,0,4,0,0,0,0,0,38,25,0,1,40,22,0,2,42,19,0,3,56,0,8,56,0,8,37,26,0,1,60,0,4,0,0,0,0,0,0,0,0,0,0,0,0,0,0,0,0,0,58,0,6,0,0,0,0,0,0,0,0,0,0,0,0,0,0,0,0,0,0,0,0,0,0,0,0,0,0,0,0,0,0,0,0,0,0,0,0,0,0,0,0,0,0,0,0,0,0,0,0,0,0,0,0,0,0,0,0,0,0,0,0,0,0,0,0,0,
ATASC,0005,VB #5,2110,86,1,25,56,1,0,0,3,1,28,51,1,2,0,3,1,24,59,2,0,1,25,55,1,1,1,3,24,51,5,1,5,27,55,0,4,28,52,3,0,3,26,55,2,0,3,27,54,0,5,27,54,0,5,28,54,0,4,26,56,0,4,27,51,4,0,4,0,0,0,0,27,55,0,4,26,55,0,5,53,0,33,54,0,32,34,49,0,3,57,0,29,32,51,0,3,0,0,0,53,0,33,0,0,0,0,0,0,0,0,0,0,0,0,0,0,0,0,0,0,0,0,0,0,0,0,0,0,0,0,0,0,0,0,0,0,0,0,0,0,0,0,0,0,0,0,0,0,0,0,0,0,0,0,0,0,0,0,0,0,0,0,0,0,0,0,0,0,0,0,0,0,0,0,0,0,0,
ATASC,0005,VB #5,2110,838,0,495,338,0,2,2,0,1,492,320,12,5,0,0,9,436,378,10,0,14,465,333,10,9,0,21,468,338,14,0,18,482,335,0,21,477,326,11,0,24,470,327,16,0,25,485,333,0,20,487,326,0,25,492,319,0,27,468,343,0,27,495,309,16,0,18,0,0,0,0,444,363,0,31,460,348,0,30,684,0,154,710,0,128,446,380,0,12,719,0,119,507,309,0,22,0,0,0,704,0,134,0,0,0,0,0,0,0,0,0,0,0,0,0,0,0,0,0,0,0,0,0,0,0,0,0,0,0,0,0,0,0,0,0,0,0,0,0,0,0,0,0,0,0,0,0,0,0,0,0,0,0,0,0,0,0,0,0,0,0,0,0,0,0,0,0,0,0,0,0,0,0,0,0,0,0,
ATASC,0005,VB #5,2110,0,0,0,0,0,0,0,0,0,0,0,0,0,0,0,0,0,0,0,0,0,0,0,0,0,0,0,0,0,0,0,0,0,0,0,0,0,0,0,0,0,0,0,0,0,0,0,0,0,0,0,0,0,0,0,0,0,0,0,0,0,0,0,0,0,0,0,0,0,0,0,0,0,0,0,0,0,0,0,0,0,0,0,0,0,0,0,0,0,0,0,0,0,0,0,0,0,0,0,0,0,0,0,0,0,0,0,0,0,0,0,0,0,0,0,0,0,0,0,0,0,0,0,0,0,0,0,0,0,0,0,0,0,0,0,0,0,0,0,0,0,0,0,0,0,0,0,0,0,0,0,0,0,0,0,0,0,0,0,0,0,0,0,0,0,0,0,0,0,0,0,0,0,0,0,0,0,
ATASC,0005,VB #5,2110,196,0,106,82,3,2,1,0,2,93,82,5,7,0,0,9,80,101,7,0,8,92,86,5,5,0,8,93,83,10,0,10,101,86,0,9,92,85,11,0,8,92,84,11,0,9,96,92,0,8,97,89,0,10,104,83,0,9,94,93,0,9,101,78,10,0,7,0,0,0,0,94,95,0,7,92,96,0,8,174,0,22,179,0,17,78,111,0,7,177,0,19,110,79,0,7,0,0,0,174,0,22,0,0,0,0,0,0,0,0,0,0,0,0,0,0,0,0,0,0,0,0,0,0,0,0,0,0,0,0,0,0,0,0,0,0,0,0,0,0,0,0,0,0,0,0,0,0,0,0,0,0,0,0,0,0,0,0,0,0,0,0,0,0,0,0,0,0,0,0,0,0,0,0,0,0,0,
ATASC,0006,VB #6,104,7,0,5,1,1,0,0,0,0,6,1,0,0,0,0,0,4,3,0,0,0,7,0,0,0,0,0,7,0,0,0,0,7,0,0,0,6,1,0,0,0,6,1,0,0,0,6,1,0,0,6,1,0,0,6,1,0,0,7,0,0,0,0,0,0,0,0,5,2,0,0,6,1,0,0,7,0,0,0,7,0,0,7,0,0,5,2,0,0,7,0,0,0,0,0,0,0,0,0,0,0,0,0,0,0,0,0,0,0,7,0,0,0,0,0,0,0,0,0,0,0,0,0,0,0,0,0,0,0,0,0,0,0,0,0,0,0,0,0,0,0,0,0,0,0,0,0,0,0,0,0,0,0,0,0,0,0,0,0,0,0,0,0,0,0,0,0,0,0,0,0,0,0,0,0,0,0,
ATASC,0006,VB #6,104,68,0,64,3,0,0,0,0,1,66,2,0,0,0,0,0,56,12,0,0,0,63,4,0,0,0,1,64,4,0,0,0,64,3,0,1,66,2,0,0,0,64,3,0,0,1,63,4,0,1,63,4,0,1,64,3,0,1,64,4,0,0,0,0,0,0,0,60,8,0,0,58,9,0,1,63,5,0,0,67,0,1,66,0,2,50,18,0,0,67,0,1,0,0,0,0,0,0,0,0,0,0,0,0,0,0,0,0,0,67,0,1,0,0,0,0,0,0,0,0,0,0,0,0,0,0,0,0,0,0,0,0,0,0,0,0,0,0,0,0,0,0,0,0,0,0,0,0,0,0,0,0,0,0,0,0,0,0,0,0,0,0,0,0,0,0,0,0,0,0,0,0,0,0,0,0,0,
ATASC,0006,VB #6,104,0,0,0,0,0,0,0,0,0,0,0,0,0,0,0,0,0,0,0,0,0,0,0,0,0,0,0,0,0,0,0,0,0,0,0,0,0,0,0,0,0,0,0,0,0,0,0,0,0,0,0,0,0,0,0,0,0,0,0,0,0,0,0,0,0,0,0,0,0,0,0,0,0,0,0,0,0,0,0,0,0,0,0,0,0,0,0,0,0,0,0,0,0,0,0,0,0,0,0,0,0,0,0,0,0,0,0,0,0,0,0,0,0,0,0,0,0,0,0,0,0,0,0,0,0,0,0,0,0,0,0,0,0,0,0,0,0,0,0,0,0,0,0,0,0,0,0,0,0,0,0,0,0,0,0,0,0,0,0,0,0,0,0,0,0,0,0,0,0,0,0,0,0,0,0,0,0,
ATASC,0006,VB #6,104,6,0,5,1,0,0,0,0,0,5,1,0,0,0,0,0,4,2,0,0,0,5,1,0,0,0,0,5,1,0,0,0,5,1,0,0,5,1,0,0,0,5,1,0,0,0,5,1,0,0,5,1,0,0,5,1,0,0,5,1,0,0,0,0,0,0,0,4,2,0,0,3,3,0,0,5,1,0,0,6,0,0,6,0,0,4,2,0,0,6,0,0,0,0,0,0,0,0,0,0,0,0,0,0,0,0,0,0,0,6,0,0,0,0,0,0,0,0,0,0,0,0,0,0,0,0,0,0,0,0,0,0,0,0,0,0,0,0,0,0,0,0,0,0,0,0,0,0,0,0,0,0,0,0,0,0,0,0,0,0,0,0,0,0,0,0,0,0,0,0,0,0,0,0,0,0,0,
ATASC,0007,VB #7,1875,98,1,33,61,0,0,0,2,2,37,59,0,0,0,0,2,22,71,2,0,3,34,58,1,0,0,5,27,62,2,0,7,31,59,0,8,31,59,2,0,6,32,58,1,0,7,34,57,0,7,32,60,0,6,34,57,0,7,32,61,0,5,37,55,1,0,5,0,0,0,0,25,65,1,7,30,62,0,6,56,0,42,62,0,36,39,56,0,3,59,0,39,51,43,0,4,0,0,0,60,0,38,0,0,0,0,0,0,0,0,0,0,0,0,0,0,0,0,0,0,0,0,0,0,0,0,0,0,0,0,0,0,0,0,0,0,0,0,0,0,0,0,0,0,0,0,0,0,0,0,0,0,0,0,0,0,0,0,0,0,0,0,0,0,0,0,0,0,0,0,0,0,0,0,0,0,0,
ATASC,0007,VB #7,1875,681,0,469,202,6,2,0,0,2,460,193,13,8,0,0,7,394,264,14,0,9,436,218,13,6,0,8,436,215,21,0,9,457,210,0,14,451,204,15,0,11,438,217,10,0,16,458,212,0,11,460,211,0,10,460,204,0,17,447,223,0,11,474,181,18,0,8,0,0,0,0,417,252,0,12,437,232,0,12,607,0,74,602,0,79,392,283,0,6,607,0,74,490,182,0,9,0,0,0,605,0,76,0,0,0,0,0,0,0,0,0,0,0,0,0,0,0,0,0,0,0,0,0,0,0,0,0,0,0,0,0,0,0,0,0,0,0,0,0,0,0,0,0,0,0,0,0,0,0,0,0,0,0,0,0,0,0,0,0,0,0,0,0,0,0,0,0,0,0,0,0,0,0,0,0,0,0,
ATASC,0007,VB #7,1875,1,0,1,0,0,0,0,0,0,1,0,0,0,0,0,0,0,1,0,0,0,0,0,0,0,0,1,1,0,0,0,0,1,0,0,0,0,0,0,0,1,1,0,0,0,0,1,0,0,0,1,0,0,0,1,0,0,0,0,0,0,1,0,0,0,0,1,0,0,0,0,0,0,0,1,0,0,0,1,0,0,1,0,0,1,0,0,0,1,0,0,1,0,0,0,1,0,0,0,0,0,1,0,0,0,0,0,0,0,0,0,0,0,0,0,0,0,0,0,0,0,0,0,0,0,0,0,0,0,0,0,0,0,0,0,0,0,0,0,0,0,0,0,0,0,0,0,0,0,0,0,0,0,0,0,0,0,0,0,0,0,0,0,0,0,0,0,0,0,0,0,0,0,0,0,0,0,
ATASC,0007,VB #7,1875,253,0,167,80,3,1,0,0,2,155,83,3,2,0,0,10,128,117,2,0,6,155,86,4,1,0,7,146,87,9,0,11,149,91,0,13,146,89,5,0,13,142,89,9,0,13,151,90,0,12,152,92,0,9,152,89,0,12,146,98,0,9,164,78,4,0,7,0,0,0,0,141,105,0,7,139,104,0,10,230,0,23,231,0,22,121,129,0,3,236,0,17,184,66,0,3,0,0,0,233,0,20,0,0,0,0,0,0,0,0,0,0,0,0,0,0,0,0,0,0,0,0,0,0,0,0,0,0,0,0,0,0,0,0,0,0,0,0,0,0,0,0,0,0,0,0,0,0,0,0,0,0,0,0,0,0,0,0,0,0,0,0,0,0,0,0,0,0,0,0,0,0,0,0,0,0,0,
ATASC,0008,VB #8,555,35,1,22,12,0,0,0,0,1,21,11,0,1,0,0,2,17,16,0,0,2,21,11,1,0,0,2,20,11,1,0,3,21,10,0,4,20,11,1,0,3,21,10,1,0,3,20,12,0,3,20,12,0,3,20,12,0,3,21,11,0,3,19,15,0,0,1,0,0,0,0,15,19,0,1,19,13,0,3,28,0,7,31,0,4,16,18,0,1,30,0,5,0,0,0,0,0,0,0,0,0,0,29,0,6,0,0,0,0,0,0,0,0,0,0,0,0,0,0,0,0,0,0,0,0,0,0,0,0,0,0,0,0,0,0,0,0,0,0,0,0,0,0,0,0,0,0,0,0,0,2,0,0,0,0,0,0,0,0,0,0,0,0,0,0,0,0,0,0,0,0,0,0,0,0,0,0,
ATASC,0008,VB #8,555,270,0,179,86,4,0,0,0,1,182,83,3,0,0,0,2,150,111,5,0,4,172,83,5,3,0,7,174,85,4,0,7,189,76,0,5,173,83,7,0,7,174,82,8,0,6,176,87,0,7,180,81,0,9,186,76,0,8,177,88,0,5,187,74,5,0,4,0,0,0,0,157,107,0,6,166,97,0,7,229,0,41,232,0,38,132,135,0,3,244,0,26,0,0,0,0,0,0,0,0,0,0,237,0,33,0,0,0,0,0,0,0,0,0,0,0,0,0,0,0,0,0,0,0,0,0,0,0,0,0,0,0,0,0,0,0,0,0,0,0,0,0,0,0,0,0,0,18,5,0,3,0,0,0,0,0,0,0,0,0,0,0,0,0,0,0,0,0,0,0,0,0,0,0,0,0,0,
ATASC,0008,VB #8,555,0,0,0,0,0,0,0,0,0,0,0,0,0,0,0,0,0,0,0,0,0,0,0,0,0,0,0,0,0,0,0,0,0,0,0,0,0,0,0,0,0,0,0,0,0,0,0,0,0,0,0,0,0,0,0,0,0,0,0,0,0,0,0,0,0,0,0,0,0,0,0,0,0,0,0,0,0,0,0,0,0,0,0,0,0,0,0,0,0,0,0,0,0,0,0,0,0,0,0,0,0,0,0,0,0,0,0,0,0,0,0,0,0,0,0,0,0,0,0,0,0,0,0,0,0,0,0,0,0,0,0,0,0,0,0,0,0,0,0,0,0,0,0,0,0,0,0,0,0,0,0,0,0,0,0,0,0,0,0,0,0,0,0,0,0,0,0,0,0,0,0,0,0,0,0,0,0,
ATASC,0008,VB #8,555,86,0,58,24,0,2,1,0,1,58,23,0,3,0,0,2,50,33,1,0,2,56,24,2,1,0,3,55,26,2,0,3,58,25,0,3,58,24,1,0,3,55,26,2,0,3,55,27,0,4,58,25,0,3,59,24,0,3,56,27,0,3,57,25,2,0,2,0,0,0,0,51,33,0,2,54,28,0,4,79,0,7,80,0,6,34,52,0,0,78,0,8,0,0,0,0,0,0,0,0,0,0,77,0,9,0,0,0,0,0,0,0,0,0,0,0,0,0,0,0,0,0,0,0,0,0,0,0,0,0,0,0,0,0,0,0,0,0,0,0,0,0,0,0,0,0,0,5,0,0,0,0,0,0,0,0,0,0,0,0,0,0,0,0,0,0,0,0,0,0,0,0,0,0,0,0,0,
ATASC,0009,VB #9,159,3,0,1,2,0,0,0,0,0,1,2,0,0,0,0,0,1,2,0,0,0,1,2,0,0,0,0,1,2,0,0,0,1,2,0,0,1,2,0,0,0,1,2,0,0,0,1,2,0,0,1,2,0,0,1,2,0,0,1,2,0,0,0,0,0,0,0,1,2,0,0,1,2,0,0,1,2,0,0,1,0,2,1,0,2,1,2,0,0,1,0,2,0,0,0,0,0,0,0,0,0,0,0,0,0,0,0,0,0,1,0,2,0,0,0,0,0,0,0,0,0,0,0,0,0,0,0,0,0,0,0,0,0,0,0,0,0,0,0,0,0,0,0,0,0,0,0,0,0,0,0,0,0,0,0,0,0,0,0,0,0,0,0,0,0,0,0,0,0,0,0,0,0,0,0,0,0,
ATASC,0009,VB #9,159,112,0,103,8,1,0,0,0,0,101,8,1,0,0,0,2,90,18,2,0,2,99,10,1,0,0,2,96,10,4,0,2,101,9,0,2,99,10,1,0,2,100,9,1,0,2,100,10,0,2,100,10,0,2,101,9,0,2,102,8,0,2,0,0,0,0,0,92,18,0,2,94,16,0,2,100,10,0,2,108,0,4,108,0,4,101,9,0,2,109,0,3,0,0,0,0,0,0,0,0,0,0,0,0,0,0,0,0,0,107,0,5,0,0,0,0,0,0,0,0,0,0,0,0,0,0,0,0,0,0,0,0,0,0,0,0,0,0,0,0,0,0,0,0,0,0,0,0,0,0,0,0,0,0,0,0,0,0,0,0,0,0,0,0,0,0,0,0,0,0,0,0,0,0,0,0,0,
ATASC,0009,VB #9,159,0,0,0,0,0,0,0,0,0,0,0,0,0,0,0,0,0,0,0,0,0,0,0,0,0,0,0,0,0,0,0,0,0,0,0,0,0,0,0,0,0,0,0,0,0,0,0,0,0,0,0,0,0,0,0,0,0,0,0,0,0,0,0,0,0,0,0,0,0,0,0,0,0,0,0,0,0,0,0,0,0,0,0,0,0,0,0,0,0,0,0,0,0,0,0,0,0,0,0,0,0,0,0,0,0,0,0,0,0,0,0,0,0,0,0,0,0,0,0,0,0,0,0,0,0,0,0,0,0,0,0,0,0,0,0,0,0,0,0,0,0,0,0,0,0,0,0,0,0,0,0,0,0,0,0,0,0,0,0,0,0,0,0,0,0,0,0,0,0,0,0,0,0,0,0,0,0,
ATASC,0009,VB #9,159,12,0,9,2,1,0,0,0,0,10,2,0,0,0,0,0,8,3,1,0,0,8,2,1,1,0,0,8,2,2,0,0,9,3,0,0,8,2,2,0,0,8,2,2,0,0,10,2,0,0,10,2,0,0,10,2,0,0,10,2,0,0,0,0,0,0,0,10,2,0,0,9,3,0,0,10,2,0,0,12,0,0,12,0,0,9,3,0,0,12,0,0,0,0,0,0,0,0,0,0,0,0,0,0,0,0,0,0,0,12,0,0,0,0,0,0,0,0,0,0,0,0,0,0,0,0,0,0,0,0,0,0,0,0,0,0,0,0,0,0,0,0,0,0,0,0,0,0,0,0,0,0,0,0,0,0,0,0,0,0,0,0,0,0,0,0,0,0,0,0,0,0,0,0,0,0,0,
ATASC,0010,VB #10,1344,57,0,17,40,0,0,0,0,0,16,36,1,1,0,0,3,17,35,0,1,4,14,40,0,0,0,3,15,37,1,0,4,15,38,0,4,16,38,0,0,3,14,39,1,0,3,15,38,0,4,15,38,0,4,17,35,0,5,14,40,0,3,19,33,2,0,3,0,0,0,0,19,34,0,4,14,40,0,3,26,0,31,27,0,30,19,37,0,1,31,0,26,0,0,0,0,0,0,0,0,0,0,28,0,29,0,0,0,0,0,0,0,0,0,0,0,0,0,0,0,0,0,0,0,0,0,0,0,0,0,0,0,0,0,0,0,0,0,0,0,0,0,0,0,0,0,0,0,0,0,0,0,0,0,0,0,0,0,0,0,0,0,0,0,0,0,0,0,0,0,0,0,0,0,0,0,0,
ATASC,0010,VB #10,1344,569,0,366,196,6,1,0,0,0,365,182,7,3,0,0,12,320,228,8,0,13,355,192,7,1,0,14,340,201,8,0,20,354,198,0,17,347,197,7,0,18,341,201,6,0,21,355,196,0,18,354,197,0,18,354,195,0,20,346,205,0,18,370,180,10,0,9,0,0,0,0,326,226,0,17,339,209,0,21,481,0,88,491,0,78,283,278,0,8,501,0,68,0,0,0,0,0,0,0,0,0,0,489,0,80,0,0,0,0,0,0,0,0,0,0,0,0,0,0,0,0,0,0,0,0,0,0,0,0,0,0,0,0,0,0,0,0,0,0,0,0,0,0,0,0,0,0,0,0,0,0,0,0,0,0,0,0,0,0,0,0,0,0,0,0,0,0,0,0,0,0,0,0,0,0,0,0,
ATASC,0010,VB #10,1344,0,0,0,0,0,0,0,0,0,0,0,0,0,0,0,0,0,0,0,0,0,0,0,0,0,0,0,0,0,0,0,0,0,0,0,0,0,0,0,0,0,0,0,0,0,0,0,0,0,0,0,0,0,0,0,0,0,0,0,0,0,0,0,0,0,0,0,0,0,0,0,0,0,0,0,0,0,0,0,0,0,0,0,0,0,0,0,0,0,0,0,0,0,0,0,0,0,0,0,0,0,0,0,0,0,0,0,0,0,0,0,0,0,0,0,0,0,0,0,0,0,0,0,0,0,0,0,0,0,0,0,0,0,0,0,0,0,0,0,0,0,0,0,0,0,0,0,0,0,0,0,0,0,0,0,0,0,0,0,0,0,0,0,0,0,0,0,0,0,0,0,0,0,0,0,0,0,
ATASC,0010,VB #10,1344,252,0,164,84,2,1,0,0,1,156,81,3,6,0,0,6,140,106,1,0,5,157,85,1,3,0,6,153,88,6,0,5,166,80,0,6,158,78,8,0,8,150,89,5,0,8,159,86,0,7,162,82,0,8,165,76,0,11,150,92,0,10,170,70,5,0,7,0,0,0,0,143,100,0,9,154,91,0,7,232,0,20,231,0,21,122,124,0,6,235,0,17,0,0,0,0,0,0,0,0,0,0,233,0,19,0,0,0,0,0,0,0,0,0,0,0,0,0,0,0,0,0,0,0,0,0,0,0,0,0,0,0,0,0,0,0,0,0,0,0,0,0,0,0,0,0,0,0,0,0,0,0,0,0,0,0,0,0,0,0,0,0,0,0,0,0,0,0,0,0,0,0,0,0,0,0,0,
ATASC,0011,VB #11,52,11,0,6,5,0,0,0,0,0,6,5,0,0,0,0,0,3,8,0,0,0,5,5,1,0,0,0,6,5,0,0,0,5,3,0,3,6,3,0,0,2,5,3,0,0,3,6,5,0,0,5,3,0,3,4,5,0,2,6,5,0,0,0,0,0,0,0,2,9,0,0,3,7,0,1,6,5,0,0,10,0,1,10,0,1,7,4,0,0,10,0,1,0,0,0,0,0,0,0,0,0,0,0,0,0,0,0,0,0,9,0,2,0,0,0,0,0,0,0,0,0,0,0,0,0,0,0,0,0,0,0,0,0,0,0,0,0,0,0,0,0,0,0,0,0,0,0,0,0,0,0,0,0,0,0,3,7,0,0,0,10,0,0,0,0,0,0,0,0,0,0,0,0,0,0,0,0,
ATASC,0011,VB #11,52,12,0,10,0,0,1,0,0,1,11,0,0,1,0,0,0,10,2,0,0,0,12,0,0,0,0,0,12,0,0,0,0,12,0,0,0,12,0,0,0,0,12,0,0,0,0,12,0,0,0,12,0,0,0,12,0,0,0,12,0,0,0,0,0,0,0,0,10,2,0,0,11,0,0,1,12,0,0,0,12,0,0,12,0,0,11,1,0,0,12,0,0,0,0,0,0,0,0,0,0,0,0,0,0,0,0,0,0,0,12,0,0,0,0,0,0,0,0,0,0,0,0,0,0,0,0,0,0,0,0,0,0,0,0,0,0,0,0,0,0,0,0,0,0,0,0,0,0,0,0,0,0,0,0,0,1,9,0,0,2,8,0,0,0,0,0,0,0,0,0,0,0,0,0,0,0,0,
ATASC,0011,VB #11,52,0,0,0,0,0,0,0,0,0,0,0,0,0,0,0,0,0,0,0,0,0,0,0,0,0,0,0,0,0,0,0,0,0,0,0,0,0,0,0,0,0,0,0,0,0,0,0,0,0,0,0,0,0,0,0,0,0,0,0,0,0,0,0,0,0,0,0,0,0,0,0,0,0,0,0,0,0,0,0,0,0,0,0,0,0,0,0,0,0,0,0,0,0,0,0,0,0,0,0,0,0,0,0,0,0,0,0,0,0,0,0,0,0,0,0,0,0,0,0,0,0,0,0,0,0,0,0,0,0,0,0,0,0,0,0,0,0,0,0,0,0,0,0,0,0,0,0,0,0,0,0,0,0,0,0,0,0,0,0,0,0,0,0,0,0,0,0,0,0,0,0,0,0,0,0,0,0,
ATASC,0011,VB #11,52,17,0,15,0,0,0,0,0,2,15,0,0,0,0,0,2,11,3,0,0,3,15,0,0,0,0,2,15,0,0,0,2,15,0,0,2,15,0,0,0,2,15,0,0,0,2,15,0,0,2,15,0,0,2,14,0,0,3,14,0,0,3,0,0,0,0,0,13,1,0,3,11,3,0,3,14,0,0,3,14,0,3,14,0,3,15,0,0,2,14,0,3,0,0,0,0,0,0,0,0,0,0,0,0,0,0,0,0,0,14,0,3,0,0,0,0,0,0,0,0,0,0,0,0,0,0,0,0,0,0,0,0,0,0,0,0,0,0,0,0,0,0,0,0,0,0,0,0,0,0,0,0,0,0,0,5,9,0,1,5,9,0,1,0,0,0,0,0,0,0,0,0,0,0,0,0,0,
ATASC,0012,VB #12,1329,55,0,18,34,1,0,1,0,1,18,33,0,0,1,0,3,13,37,2,0,3,16,35,1,0,0,3,15,35,1,0,4,21,29,0,5,18,32,1,0,4,15,34,1,0,5,16,34,0,5,17,32,0,6,17,32,0,6,17,34,0,4,17,33,1,0,4,0,0,0,0,17,35,0,3,18,33,0,4,33,0,22,31,0,24,20,33,0,2,33,0,22,0,0,0,0,0,0,0,0,0,0,31,0,24,0,0,0,0,0,0,0,32,22,0,1,6,0,3,11,5,0,1,36,18,0,1,0,0,0,0,0,0,0,0,0,0,0,0,0,0,0,0,0,0,0,0,0,0,0,0,0,0,0,0,0,0,0,0,0,0,0,0,0,0,0,0,0,0,0,0,0,0,0,0,0,0,
ATASC,0012,VB #12,1329,585,0,389,186,4,1,3,0,2,398,176,1,5,0,0,5,351,220,6,0,8,381,189,3,4,0,8,388,181,6,0,10,385,186,0,14,382,188,6,0,9,381,189,4,0,11,389,186,0,10,390,187,0,8,390,184,0,11,376,200,0,9,398,173,5,0,9,0,0,0,0,365,207,0,13,374,200,0,11,513,0,72,518,0,67,365,214,0,6,522,0,63,0,0,0,0,0,0,0,0,0,0,512,0,73,0,0,0,0,0,0,0,271,295,0,8,96,0,11,109,71,0,1,445,128,0,1,0,0,0,0,0,0,0,0,0,0,0,0,0,0,0,0,0,0,0,0,0,0,0,0,0,0,0,0,0,0,0,0,0,0,0,0,4,4,0,0,0,0,0,0,0,0,0,0,0,0,
ATASC,0012,VB #12,1329,0,0,0,0,0,0,0,0,0,0,0,0,0,0,0,0,0,0,0,0,0,0,0,0,0,0,0,0,0,0,0,0,0,0,0,0,0,0,0,0,0,0,0,0,0,0,0,0,0,0,0,0,0,0,0,0,0,0,0,0,0,0,0,0,0,0,0,0,0,0,0,0,0,0,0,0,0,0,0,0,0,0,0,0,0,0,0,0,0,0,0,0,0,0,0,0,0,0,0,0,0,0,0,0,0,0,0,0,0,0,0,0,0,0,0,0,0,0,0,0,0,0,0,0,0,0,0,0,0,0,0,0,0,0,0,0,0,0,0,0,0,0,0,0,0,0,0,0,0,0,0,0,0,0,0,0,0,0,0,0,0,0,0,0,0,0,0,0,0,0,0,0,0,0,0,0,0,
ATASC,0012,VB #12,1329,154,0,97,54,2,1,0,0,0,95,50,6,2,0,0,1,85,66,2,0,1,88,62,2,1,0,1,92,56,5,0,1,97,56,0,1,91,57,5,0,1,93,55,4,0,2,94,58,0,2,98,55,0,1,97,55,0,2,92,59,0,3,101,50,2,0,1,0,0,0,0,87,65,0,2,95,57,0,2,145,0,9,143,0,11,75,79,0,0,144,0,10,0,0,0,0,0,0,0,0,0,0,144,0,10,0,0,0,0,0,0,0,82,63,0,0,32,0,2,12,19,0,1,110,33,0,2,0,0,0,0,0,0,0,0,0,0,0,0,0,0,0,0,0,0,0,0,0,0,0,0,0,0,0,0,0,0,0,0,0,0,0,0,3,1,0,0,0,0,0,0,0,0,0,0,0,0,
ATASC,0013,VB #13,2666,159,0,60,96,0,0,0,0,3,64,88,0,2,0,0,5,47,110,0,0,2,68,85,0,0,0,6,60,91,1,0,7,64,89,0,6,59,93,2,0,5,58,94,2,0,5,59,95,0,5,60,93,0,6,56,93,0,10,61,95,0,3,71,84,1,1,2,0,0,0,0,53,101,0,5,56,99,0,4,110,0,49,115,0,44,65,92,0,2,113,0,46,0,0,0,0,131,0,28,0,0,0,0,0,0,63,89,0,7,0,0,0,0,0,0,0,0,0,0,0,0,0,0,0,0,0,0,87,18,1,28,59,28,37,16,54,19,18,37,0,0,0,0,0,0,0,0,12,6,0,2,17,1,0,8,0,0,0,0,0,0,0,0,0,0,0,0,0,0,0,0,0,0,0,0,0,0,
ATASC,0013,VB #13,2666,1323,0,1008,296,6,5,1,0,7,997,290,10,10,1,0,15,839,451,17,0,16,957,318,13,10,0,25,928,338,30,0,27,985,311,0,27,965,309,24,0,25,949,319,26,0,29,965,330,0,28,982,313,0,28,981,310,0,32,957,341,0,25,1006,280,22,0,15,0,0,0,0,892,406,0,25,943,352,0,28,1222,0,101,1232,0,91,755,554,0,14,1246,0,77,0,0,0,0,1100,0,223,0,0,0,0,0,0,925,377,0,21,0,0,0,0,0,0,0,0,0,0,0,0,0,0,0,0,0,0,763,44,0,82,394,261,277,164,405,153,0,124,0,0,0,0,0,0,0,0,160,59,0,25,140,2,0,18,0,0,0,0,0,0,0,0,0,0,0,0,0,0,0,0,0,0,0,0,0,0,
ATASC,0013,VB #13,2666,0,0,0,0,0,0,0,0,0,0,0,0,0,0,0,0,0,0,0,0,0,0,0,0,0,0,0,0,0,0,0,0,0,0,0,0,0,0,0,0,0,0,0,0,0,0,0,0,0,0,0,0,0,0,0,0,0,0,0,0,0,0,0,0,0,0,0,0,0,0,0,0,0,0,0,0,0,0,0,0,0,0,0,0,0,0,0,0,0,0,0,0,0,0,0,0,0,0,0,0,0,0,0,0,0,0,0,0,0,0,0,0,0,0,0,0,0,0,0,0,0,0,0,0,0,0,0,0,0,0,0,0,0,0,0,0,0,0,0,0,0,0,0,0,0,0,0,0,0,0,0,0,0,0,0,0,0,0,0,0,0,0,0,0,0,0,0,0,0,0,0,0,0,0,0,0,0,
ATASC,0013,VB #13,2666,214,0,161,48,0,0,3,0,2,151,52,3,2,0,0,6,129,79,0,0,6,146,52,7,2,0,7,139,61,7,0,7,147,58,0,9,143,58,6,0,7,140,54,10,0,10,146,60,0,8,145,60,0,9,145,60,0,9,138,67,0,9,156,46,6,0,6,0,0,0,0,129,76,0,9,139,66,0,9,198,0,16,199,0,15,99,114,0,1,198,0,16,0,0,0,0,186,0,28,0,0,0,0,0,0,137,69,0,8,0,0,0,0,0,0,0,0,0,0,0,0,0,0,0,0,0,0,131,10,0,16,61,50,47,23,79,26,0,28,0,0,0,0,0,0,0,0,29,11,0,5,28,1,0,2,0,0,0,0,0,0,0,0,0,0,0,0,0,0,0,0,0,0,0,0,0,0,
ATASC,0014,VB #14,443,29,0,12,16,1,0,0,0,0,13,16,0,0,0,0,0,10,19,0,0,0,15,13,0,0,0,1,13,14,1,0,1,13,15,0,1,12,16,1,0,0,14,15,0,0,0,13,16,0,0,14,15,0,0,13,16,0,0,14,15,0,0,15,13,1,0,0,0,0,0,0,11,18,0,0,13,15,0,1,21,0,8,22,0,7,14,15,0,0,24,0,5,0,0,0,0,25,0,4,0,0,0,0,0,0,14,15,0,0,0,0,0,0,0,0,0,0,0,0,0,0,0,0,0,0,0,0,0,0,0,0,0,0,0,0,0,0,0,0,4,7,0,0,6,5,0,0,0,0,0,0,0,0,0,0,0,0,0,0,0,0,0,0,0,0,0,0,0,0,0,0,0,0,0,0,0,0,
ATASC,0014,VB #14,443,251,0,195,53,2,1,0,0,0,188,49,4,2,0,0,8,140,105,2,0,4,183,56,3,1,0,8,172,62,6,0,11,185,55,0,11,179,58,5,0,9,175,61,4,0,11,183,57,0,11,182,60,0,9,177,64,0,10,173,68,0,10,193,46,9,0,3,0,0,0,0,152,93,0,6,175,66,0,10,227,0,24,230,0,21,103,148,0,0,234,0,17,0,0,0,0,220,0,31,0,0,0,0,0,0,150,99,0,2,0,0,0,0,0,0,0,0,0,0,0,0,0,0,0,0,0,0,0,0,0,0,0,0,0,0,0,0,0,0,74,55,0,1,52,67,0,11,0,0,0,0,0,0,0,0,0,0,0,0,0,0,0,0,0,0,0,0,0,0,0,0,0,0,0,0,0,0,
ATASC,0014,VB #14,443,0,0,0,0,0,0,0,0,0,0,0,0,0,0,0,0,0,0,0,0,0,0,0,0,0,0,0,0,0,0,0,0,0,0,0,0,0,0,0,0,0,0,0,0,0,0,0,0,0,0,0,0,0,0,0,0,0,0,0,0,0,0,0,0,0,0,0,0,0,0,0,0,0,0,0,0,0,0,0,0,0,0,0,0,0,0,0,0,0,0,0,0,0,0,0,0,0,0,0,0,0,0,0,0,0,0,0,0,0,0,0,0,0,0,0,0,0,0,0,0,0,0,0,0,0,0,0,0,0,0,0,0,0,0,0,0,0,0,0,0,0,0,0,0,0,0,0,0,0,0,0,0,0,0,0,0,0,0,0,0,0,0,0,0,0,0,0,0,0,0,0,0,0,0,0,0,0,
ATASC,0014,VB #14,443,38,0,27,10,0,1,0,0,0,23,11,0,2,0,0,2,18,19,0,0,1,20,14,1,0,0,3,21,14,1,0,2,19,14,0,5,20,13,2,0,3,19,16,1,0,2,20,15,0,3,22,11,0,5,21,13,0,4,22,13,0,3,24,12,0,0,2,0,0,0,0,20,14,0,4,20,15,0,3,32,0,6,33,0,5,10,27,0,1,35,0,3,0,0,0,0,32,0,6,0,0,0,0,0,0,17,18,0,3,0,0,0,0,0,0,0,0,0,0,0,0,0,0,0,0,0,0,0,0,0,0,0,0,0,0,0,0,0,0,9,9,0,1,9,9,0,1,0,0,0,0,0,0,0,0,0,0,0,0,0,0,0,0,0,0,0,0,0,0,0,0,0,0,0,0,0,0,
ATASC,0015,VB #15,2199,147,0,28,113,2,1,0,3,0,39,96,2,0,1,1,8,21,121,0,0,5,30,108,0,1,0,8,30,104,1,0,12,31,106,0,10,28,106,0,0,13,29,107,2,0,9,32,106,0,9,30,106,0,11,34,101,0,12,30,109,0,8,39,100,1,0,7,0,0,0,0,25,110,0,12,25,112,0,10,76,0,71,83,0,64,38,106,0,3,81,0,66,34,111,0,2,0,0,0,78,0,69,0,0,0,0,0,0,0,0,0,0,0,0,0,0,0,0,0,0,0,0,0,0,0,0,0,0,0,0,0,0,0,0,0,0,0,0,0,0,0,0,0,0,0,0,0,0,0,0,0,0,0,0,0,0,0,0,0,0,0,0,0,0,0,0,0,0,0,0,0,0,0,0,0,0,0,
ATASC,0015,VB #15,2199,876,0,559,303,6,5,3,0,0,544,290,17,12,0,0,13,466,384,14,0,12,522,308,22,7,0,17,524,304,28,0,20,564,296,0,16,532,300,27,0,17,532,299,23,0,22,549,305,0,22,551,303,0,22,556,292,0,28,538,316,0,22,576,267,22,0,11,0,0,0,0,487,373,0,16,529,323,0,24,787,0,89,800,0,76,425,440,0,11,797,0,79,533,332,0,11,0,0,0,790,0,86,0,0,0,0,0,0,0,0,0,0,0,0,0,0,0,0,0,0,0,0,0,0,0,0,0,0,0,0,0,0,0,0,0,0,0,0,0,0,0,0,0,0,0,0,0,0,0,0,0,0,0,0,0,0,0,0,0,0,0,0,0,0,0,0,0,0,0,0,0,0,0,0,0,0,0,
ATASC,0015,VB #15,2199,2,0,0,2,0,0,0,0,0,0,2,0,0,0,0,0,0,2,0,0,0,0,2,0,0,0,0,0,2,0,0,0,0,0,0,2,0,2,0,0,0,0,2,0,0,0,0,2,0,0,0,2,0,0,0,2,0,0,0,2,0,0,0,2,0,0,0,0,0,0,0,0,2,0,0,0,2,0,0,0,0,2,1,0,1,0,2,0,0,0,0,2,0,2,0,0,0,0,0,0,0,2,0,0,0,0,0,0,0,0,0,0,0,0,0,0,0,0,0,0,0,0,0,0,0,0,0,0,0,0,0,0,0,0,0,0,0,0,0,0,0,0,0,0,0,0,0,0,0,0,0,0,0,0,0,0,0,0,0,0,0,0,0,0,0,0,0,0,0,0,0,0,0,0,0,0,0,
ATASC,0015,VB #15,2199,211,0,136,67,3,1,0,0,4,124,65,10,4,1,0,7,104,95,5,0,7,126,71,3,4,0,7,116,80,10,0,5,131,73,0,7,123,75,8,0,5,118,78,9,0,6,125,79,0,7,131,72,0,8,135,67,0,9,117,87,0,7,137,60,7,0,7,0,0,0,0,111,94,0,6,125,78,0,8,189,0,22,193,0,18,86,125,0,0,194,0,17,118,92,0,1,0,0,0,189,0,22,0,0,0,0,0,0,0,0,0,0,0,0,0,0,0,0,0,0,0,0,0,0,0,0,0,0,0,0,0,0,0,0,0,0,0,0,0,0,0,0,0,0,0,0,0,0,0,0,0,0,0,0,0,0,0,0,0,0,0,0,0,0,0,0,0,0,0,0,0,0,0,0,0,0,0,
ATASC,0016,VB #16,264,16,1,5,10,0,0,0,0,1,7,8,0,0,0,0,1,3,12,0,0,1,5,10,0,0,0,1,4,11,0,0,1,5,10,0,1,5,10,0,0,1,4,10,1,0,1,5,10,0,1,4,11,0,1,5,10,0,1,5,10,0,1,5,10,0,0,1,0,0,0,0,3,12,0,1,6,9,0,1,8,0,8,9,0,7,6,9,0,1,9,0,7,8,6,0,2,0,0,0,10,0,6,0,0,0,0,0,0,0,0,0,0,0,0,0,0,0,0,0,0,0,0,0,0,0,0,0,0,0,0,0,0,0,0,0,0,0,0,0,0,0,0,0,0,0,0,0,0,0,0,0,0,0,0,0,0,0,0,0,0,0,0,0,0,0,0,0,0,0,0,0,0,0,0,0,0,0,
ATASC,0016,VB #16,264,131,0,85,44,1,0,0,0,1,83,42,1,1,0,0,4,73,53,2,0,3,78,45,3,0,0,5,81,45,1,0,4,83,42,0,6,78,45,2,0,6,78,44,2,0,7,80,46,0,5,80,45,0,6,83,42,0,6,78,47,0,6,83,42,2,0,4,0,0,0,0,71,55,0,5,78,48,0,5,108,0,23,112,0,19,72,59,0,0,115,0,16,106,23,0,2,0,0,0,112,0,19,0,0,0,0,0,0,0,0,0,0,0,0,0,0,0,0,0,0,0,0,0,0,0,0,0,0,0,0,0,0,0,0,0,0,0,0,0,0,0,0,0,0,0,0,0,0,0,0,0,0,0,0,0,0,0,0,0,0,0,0,0,0,0,0,0,0,0,0,0,0,0,0,0,0,0,
ATASC,0016,VB #16,264,0,0,0,0,0,0,0,0,0,0,0,0,0,0,0,0,0,0,0,0,0,0,0,0,0,0,0,0,0,0,0,0,0,0,0,0,0,0,0,0,0,0,0,0,0,0,0,0,0,0,0,0,0,0,0,0,0,0,0,0,0,0,0,0,0,0,0,0,0,0,0,0,0,0,0,0,0,0,0,0,0,0,0,0,0,0,0,0,0,0,0,0,0,0,0,0,0,0,0,0,0,0,0,0,0,0,0,0,0,0,0,0,0,0,0,0,0,0,0,0,0,0,0,0,0,0,0,0,0,0,0,0,0,0,0,0,0,0,0,0,0,0,0,0,0,0,0,0,0,0,0,0,0,0,0,0,0,0,0,0,0,0,0,0,0,0,0,0,0,0,0,0,0,0,0,0,0,
ATASC,0016,VB #16,264,29,0,16,13,0,0,0,0,0,13,13,2,1,0,0,0,6,22,1,0,0,14,13,1,1,0,0,10,18,1,0,0,14,15,0,0,11,15,2,0,1,12,15,2,0,0,13,16,0,0,13,16,0,0,13,15,0,1,10,18,0,1,14,14,1,0,0,0,0,0,0,10,19,0,0,10,19,0,0,27,0,2,28,0,1,10,18,0,1,28,0,1,15,13,0,1,0,0,0,27,0,2,0,0,0,0,0,0,0,0,0,0,0,0,0,0,0,0,0,0,0,0,0,0,0,0,0,0,0,0,0,0,0,0,0,0,0,0,0,0,0,0,0,0,0,0,0,0,0,0,0,0,0,0,0,0,0,0,0,0,0,0,0,0,0,0,0,1,0,0,1,0,0,1,0,0,0,
ATASC,0017,VB #17,2216,111,0,29,76,2,0,0,1,3,36,70,3,0,0,0,2,15,93,1,0,2,25,81,0,1,0,4,27,74,3,0,7,26,77,0,8,26,77,2,0,6,27,77,1,0,6,28,78,0,5,28,79,0,4,27,79,0,5,24,82,0,5,31,76,1,0,3,0,0,0,0,18,88,0,5,22,85,0,4,55,0,56,59,0,52,26,84,0,1,57,0,54,0,0,0,0,100,0,11,0,0,0,0,0,0,26,81,0,4,0,0,0,0,0,0,0,0,0,0,0,0,0,0,0,0,0,0,0,0,0,0,0,0,0,0,0,0,0,0,0,0,0,0,0,0,0,0,0,1,0,3,0,0,0,0,0,0,0,0,0,0,0,0,0,0,0,0,70,0,25,75,0,20,34,53,0,8,
ATASC,0017,VB #17,2216,870,0,431,421,7,3,1,0,7,392,424,12,5,1,0,36,276,558,10,0,26,350,454,10,11,0,45,353,451,14,0,52,364,449,0,57,350,459,8,0,53,347,454,17,0,52,367,447,0,56,358,456,0,56,362,454,0,54,328,497,0,45,392,436,11,0,31,0,0,0,0,283,548,0,39,339,483,0,48,644,0,226,690,0,180,277,584,0,9,689,0,181,0,0,0,0,742,0,128,0,0,0,0,0,0,323,518,0,29,0,0,0,0,0,0,0,0,0,0,0,0,0,0,0,0,0,0,0,0,0,0,0,0,0,0,0,0,0,0,0,0,0,0,0,0,0,0,20,1,0,7,0,0,0,0,0,0,0,0,0,0,0,0,0,0,0,0,518,0,163,505,0,176,329,289,0,63,
ATASC,0017,VB #17,2216,0,0,0,0,0,0,0,0,0,0,0,0,0,0,0,0,0,0,0,0,0,0,0,0,0,0,0,0,0,0,0,0,0,0,0,0,0,0,0,0,0,0,0,0,0,0,0,0,0,0,0,0,0,0,0,0,0,0,0,0,0,0,0,0,0,0,0,0,0,0,0,0,0,0,0,0,0,0,0,0,0,0,0,0,0,0,0,0,0,0,0,0,0,0,0,0,0,0,0,0,0,0,0,0,0,0,0,0,0,0,0,0,0,0,0,0,0,0,0,0,0,0,0,0,0,0,0,0,0,0,0,0,0,0,0,0,0,0,0,0,0,0,0,0,0,0,0,0,0,0,0,0,0,0,0,0,0,0,0,0,0,0,0,0,0,0,0,0,0,0,0,0,0,0,0,0,0,
ATASC,0017,VB #17,2216,223,0,101,117,3,0,0,0,2,95,111,5,4,0,0,8,60,157,2,0,4,86,123,3,1,0,10,78,128,8,0,9,88,126,0,9,81,125,5,0,12,72,136,5,0,10,83,131,0,9,84,129,0,10,88,125,0,10,77,140,0,6,91,124,5,0,3,0,0,0,0,72,148,0,3,79,137,0,7,185,0,38,189,0,34,61,162,0,0,184,0,39,0,0,0,0,209,0,14,0,0,0,0,0,0,72,145,0,6,0,0,0,0,0,0,0,0,0,0,0,0,0,0,0,0,0,0,0,0,0,0,0,0,0,0,0,0,0,0,0,0,0,0,0,0,0,0,3,0,0,0,0,0,0,0,0,0,0,0,0,0,0,0,0,0,0,0,166,0,25,159,0,32,109,73,0,9,
ATASC,0018,VB #18,1776,85,0,29,56,0,0,0,0,0,38,47,0,0,0,0,0,24,59,0,0,2,31,52,0,0,0,2,31,52,0,0,2,30,52,0,3,29,53,1,0,2,29,54,0,0,2,29,54,0,2,31,51,0,3,28,54,0,3,30,54,0,1,34,48,1,0,2,0,0,0,0,27,56,0,2,26,57,0,2,53,0,32,55,0,30,27,57,0,1,57,0,28,0,0,0,0,66,0,19,0,0,0,0,0,0,37,45,1,2,0,0,0,0,0,0,0,0,0,0,0,0,0,0,0,0,0,0,0,0,0,0,0,0,0,0,0,0,0,0,0,0,0,0,0,0,0,0,0,0,0,0,0,0,0,0,0,0,0,0,0,0,0,0,0,0,0,0,0,0,0,0,0,0,0,0,0,0,
ATASC,0018,VB #18,1776,659,0,479,171,2,1,0,0,6,456,168,5,5,1,0,24,366,272,4,0,17,428,192,6,5,0,28,437,185,11,0,26,443,185,0,31,435,192,6,0,26,433,191,6,0,29,438,197,0,24,443,188,0,28,442,184,0,33,424,205,0,30,467,168,8,0,16,0,0,0,0,381,252,0,26,419,210,0,30,578,0,81,589,0,70,288,368,0,3,596,0,63,0,0,0,0,553,0,106,0,0,0,0,0,0,460,192,0,7,0,0,0,0,0,0,0,0,0,0,0,0,0,0,0,0,0,0,0,0,0,0,0,0,0,0,0,0,0,0,0,0,0,0,0,0,0,0,0,0,0,0,0,0,0,0,0,0,0,0,0,0,0,0,0,0,0,0,0,0,0,0,0,0,0,0,0,0,
ATASC,0018,VB #18,1776,0,0,0,0,0,0,0,0,0,0,0,0,0,0,0,0,0,0,0,0,0,0,0,0,0,0,0,0,0,0,0,0,0,0,0,0,0,0,0,0,0,0,0,0,0,0,0,0,0,0,0,0,0,0,0,0,0,0,0,0,0,0,0,0,0,0,0,0,0,0,0,0,0,0,0,0,0,0,0,0,0,0,0,0,0,0,0,0,0,0,0,0,0,0,0,0,0,0,0,0,0,0,0,0,0,0,0,0,0,0,0,0,0,0,0,0,0,0,0,0,0,0,0,0,0,0,0,0,0,0,0,0,0,0,0,0,0,0,0,0,0,0,0,0,0,0,0,0,0,0,0,0,0,0,0,0,0,0,0,0,0,0,0,0,0,0,0,0,0,0,0,0,0,0,0,0,0,
ATASC,0018,VB #18,1776,368,0,248,112,2,1,1,0,4,213,125,10,5,1,0,14,135,218,6,0,9,177,155,13,5,0,18,176,161,15,0,16,201,149,0,18,178,155,21,0,14,188,154,9,0,17,191,161,0,16,193,160,0,15,202,151,0,15,185,168,0,15,213,129,13,0,13,0,0,0,0,166,188,0,14,181,172,0,15,306,0,62,315,0,53,90,277,0,1,319,0,49,0,0,0,0,327,0,41,0,0,0,0,0,0,217,146,0,5,0,0,0,0,0,0,0,0,0,0,0,0,0,0,0,0,0,0,0,0,0,0,0,0,0,0,0,0,0,0,0,0,0,0,0,0,0,0,1,0,0,0,0,0,0,0,0,0,0,0,0,0,0,0,0,0,0,0,0,0,0,0,0,0,0,0,0,0,
ATASC,0019,VB #19,494,19,0,8,11,0,0,0,0,0,8,10,0,0,0,0,1,3,15,0,0,1,5,13,0,0,0,1,5,13,0,0,1,5,13,0,1,4,14,0,0,1,4,14,0,0,1,4,14,0,1,4,14,0,1,4,12,0,3,4,14,0,1,6,12,0,0,1,0,0,0,0,4,14,0,1,4,14,0,1,11,0,8,11,0,8,2,17,0,0,11,0,8,0,0,0,0,0,0,0,0,0,0,0,0,0,0,1,0,0,11,0,7,0,0,0,0,0,0,0,0,0,0,0,0,0,0,0,16,0,0,3,10,5,3,1,11,4,0,4,0,0,0,0,0,0,0,0,0,0,0,0,4,1,0,3,0,0,0,0,0,0,0,0,0,0,0,0,0,0,0,0,0,0,0,0,0,0,
ATASC,0019,VB #19,494,258,0,204,52,1,0,1,0,0,195,53,6,1,0,0,3,170,79,2,0,7,192,55,5,2,0,4,190,57,5,0,6,202,49,0,7,194,51,6,0,7,193,51,6,0,8,192,60,0,6,198,54,0,6,203,46,0,9,189,61,0,8,203,45,5,0,5,0,0,0,0,180,73,0,5,192,59,0,7,237,0,21,237,0,21,141,113,0,4,239,0,19,0,0,0,0,0,0,0,0,0,0,0,0,0,0,0,0,0,236,0,22,0,0,0,0,0,0,0,0,0,0,0,0,0,0,0,233,16,0,9,104,63,76,40,134,58,0,41,0,0,0,0,0,0,0,0,0,0,0,0,45,2,0,9,0,0,0,0,0,0,0,0,0,0,0,0,0,0,0,0,0,0,0,0,0,0,
ATASC,0019,VB #19,494,0,0,0,0,0,0,0,0,0,0,0,0,0,0,0,0,0,0,0,0,0,0,0,0,0,0,0,0,0,0,0,0,0,0,0,0,0,0,0,0,0,0,0,0,0,0,0,0,0,0,0,0,0,0,0,0,0,0,0,0,0,0,0,0,0,0,0,0,0,0,0,0,0,0,0,0,0,0,0,0,0,0,0,0,0,0,0,0,0,0,0,0,0,0,0,0,0,0,0,0,0,0,0,0,0,0,0,0,0,0,0,0,0,0,0,0,0,0,0,0,0,0,0,0,0,0,0,0,0,0,0,0,0,0,0,0,0,0,0,0,0,0,0,0,0,0,0,0,0,0,0,0,0,0,0,0,0,0,0,0,0,0,0,0,0,0,0,0,0,0,0,0,0,0,0,0,0,
ATASC,0019,VB #19,494,52,0,39,12,0,0,0,0,1,35,11,2,1,1,0,2,29,19,1,0,3,32,16,1,0,0,3,29,18,1,0,4,35,13,0,4,34,13,2,0,3,31,16,2,0,3,34,15,0,3,33,17,0,2,33,16,0,3,33,16,0,3,30,16,3,0,3,0,0,0,0,31,18,0,3,33,16,0,3,48,0,4,49,0,3,21,31,0,0,50,0,2,0,0,0,0,0,0,0,0,0,0,0,0,0,0,1,0,0,48,0,3,0,0,0,0,0,0,0,0,0,0,0,0,0,0,0,43,6,0,3,23,22,14,11,19,9,0,6,0,0,0,0,0,0,0,0,0,0,0,0,6,0,0,0,0,0,0,0,0,0,0,0,0,0,0,0,0,0,0,0,0,0,0,0,0,0,
ATASC,0020,VB #20,3690,227,0,116,108,1,0,0,1,1,120,102,1,0,0,1,3,83,141,2,0,1,114,105,3,1,0,4,114,104,1,0,8,122,96,0,9,107,109,1,0,10,116,102,0,0,9,118,101,0,8,113,101,0,13,114,102,0,11,118,101,0,8,134,89,1,0,3,0,0,0,0,97,124,0,6,112,106,0,9,164,0,63,169,0,58,126,101,0,0,173,0,54,0,0,0,0,0,0,0,0,0,0,0,0,0,0,0,0,0,168,0,59,0,0,0,0,0,0,0,0,0,0,0,0,0,0,0,0,0,0,0,0,0,0,0,0,0,0,0,0,0,0,0,0,0,0,0,0,0,0,0,0,0,0,0,0,0,0,0,0,0,0,0,0,0,0,0,0,0,0,0,0,0,0,0,0,0,
ATASC,0020,VB #20,3690,2191,0,1717,437,25,5,2,0,5,1747,401,25,8,2,0,8,1535,614,24,0,18,1703,419,38,13,0,18,1682,441,42,0,26,1753,413,0,25,1714,409,37,0,31,1705,416,40,0,30,1746,421,0,24,1748,407,0,36,1745,412,0,34,1712,445,1,33,1772,359,40,0,20,0,0,0,0,1552,606,1,32,1698,454,0,39,2076,0,115,2071,0,120,1511,663,0,17,2097,0,94,0,0,0,0,0,0,0,0,0,0,0,0,0,0,0,0,0,2080,0,111,0,0,0,0,0,0,0,0,0,0,0,0,0,0,0,0,0,0,0,0,0,0,0,0,0,0,0,0,0,0,0,0,0,0,0,0,0,0,0,0,0,0,0,0,0,0,0,0,0,0,0,0,0,0,0,0,0,0,0,0,0,0,0,0,0,
ATASC,0020,VB #20,3690,2,0,2,0,0,0,0,0,0,2,0,0,0,0,0,0,1,1,0,0,0,2,0,0,0,0,0,1,1,0,0,0,2,0,0,0,1,1,0,0,0,2,0,0,0,0,1,1,0,0,1,1,0,0,2,0,0,0,2,0,0,0,2,0,0,0,0,0,0,0,0,2,0,0,0,2,0,0,0,2,0,0,2,0,0,2,0,0,0,2,0,0,0,0,0,0,0,0,0,0,0,0,0,0,0,0,0,0,0,2,0,0,0,0,0,0,0,0,0,0,0,0,0,0,0,0,0,0,0,0,0,0,0,0,0,0,0,0,0,0,0,0,0,0,0,0,0,0,0,0,0,0,0,0,0,0,0,0,0,0,0,0,0,0,0,0,0,0,0,0,0,0,0,0,0,0,0,
ATASC,0020,VB #20,3690,358,0,271,77,3,1,0,0,6,272,69,7,6,0,0,4,238,107,10,0,3,266,73,8,6,0,5,261,77,13,0,7,276,74,0,8,266,73,11,0,8,260,77,12,0,9,275,76,0,7,277,71,0,10,275,75,0,8,261,88,0,9,280,65,9,0,4,0,0,0,0,249,104,0,5,258,93,0,7,340,0,18,344,0,14,210,147,0,1,347,0,11,0,0,0,0,0,0,0,0,0,0,0,0,0,0,0,0,0,343,0,15,0,0,0,0,0,0,0,0,0,0,0,0,0,0,0,0,0,0,0,0,0,0,0,0,0,0,0,0,0,0,0,0,0,0,0,1,0,0,0,0,0,0,0,0,0,0,0,0,0,0,0,0,0,0,0,0,0,0,0,0,0,0,0,0,0,
ATASC,0021,VB #21,247,19,0,10,7,2,0,0,0,0,9,7,2,0,0,0,1,9,7,2,0,1,11,6,1,0,0,1,10,6,1,0,2,11,6,0,2,10,6,1,0,2,10,6,1,0,2,11,6,0,2,10,6,0,3,11,6,0,2,11,7,0,1,0,0,0,0,0,11,7,0,1,11,6,0,2,11,6,0,2,14,0,5,14,0,5,14,5,0,0,14,0,5,0,0,0,0,0,0,0,0,0,0,0,0,0,0,0,0,0,13,0,6,0,0,0,0,0,0,0,0,0,0,0,0,0,0,0,0,0,0,0,0,0,0,0,0,0,0,0,0,0,0,0,0,0,0,0,0,0,0,0,0,0,0,0,0,0,0,0,0,0,0,0,0,0,0,0,0,0,0,0,0,0,0,0,0,0,
ATASC,0021,VB #21,247,119,0,102,15,2,0,0,0,0,104,15,0,0,0,0,0,98,20,0,0,1,100,17,1,1,0,0,103,15,1,0,0,105,13,0,1,101,17,1,0,0,102,17,0,0,0,103,16,0,0,102,16,0,1,103,16,0,0,102,15,0,2,0,0,0,0,0,98,20,0,1,91,25,0,3,101,17,0,1,111,0,8,110,0,9,92,26,0,1,112,0,7,0,0,0,0,0,0,0,0,0,0,0,0,0,2,0,0,0,110,0,7,0,0,0,0,0,0,0,0,0,0,0,0,0,0,0,0,0,0,0,0,0,0,0,0,0,0,0,0,0,0,0,0,0,0,0,0,0,0,0,0,0,0,0,0,0,0,0,0,0,0,0,0,0,0,0,0,0,0,0,0,0,0,0,0,0,
ATASC,0021,VB #21,247,0,0,0,0,0,0,0,0,0,0,0,0,0,0,0,0,0,0,0,0,0,0,0,0,0,0,0,0,0,0,0,0,0,0,0,0,0,0,0,0,0,0,0,0,0,0,0,0,0,0,0,0,0,0,0,0,0,0,0,0,0,0,0,0,0,0,0,0,0,0,0,0,0,0,0,0,0,0,0,0,0,0,0,0,0,0,0,0,0,0,0,0,0,0,0,0,0,0,0,0,0,0,0,0,0,0,0,0,0,0,0,0,0,0,0,0,0,0,0,0,0,0,0,0,0,0,0,0,0,0,0,0,0,0,0,0,0,0,0,0,0,0,0,0,0,0,0,0,0,0,0,0,0,0,0,0,0,0,0,0,0,0,0,0,0,0,0,0,0,0,0,0,0,0,0,0,0,
ATASC,0021,VB #21,247,39,0,35,3,0,1,0,0,0,34,3,0,2,0,0,0,32,7,0,0,0,33,5,1,0,0,0,35,4,0,0,0,35,4,0,0,35,4,0,0,0,34,4,1,0,0,34,5,0,0,35,4,0,0,35,4,0,0,35,4,0,0,0,0,0,0,0,33,6,0,0,34,5,0,0,35,4,0,0,37,0,2,39,0,0,36,3,0,0,38,0,1,0,0,0,0,0,0,0,0,0,0,0,0,0,0,0,0,0,38,0,1,0,0,0,0,0,0,0,0,0,0,0,0,0,0,0,0,0,0,0,0,0,0,0,0,0,0,0,0,0,0,0,0,0,0,0,0,0,0,0,0,0,0,0,0,0,0,0,0,0,0,0,0,0,0,0,0,0,0,0,0,0,0,0,0,0,
ATASC,0022,VB #22,733,32,0,21,11,0,0,0,0,0,21,11,0,0,0,0,0,15,17,0,0,0,20,12,0,0,0,0,18,14,0,0,0,19,13,0,0,18,14,0,0,0,19,13,0,0,0,20,12,0,0,20,12,0,0,20,12,0,0,20,12,0,0,20,12,0,0,0,0,0,0,0,17,15,0,0,18,14,0,0,26,0,6,25,0,7,22,10,0,0,24,0,8,25,7,0,0,0,0,0,25,0,7,0,0,0,0,0,0,0,0,0,0,0,0,0,0,0,0,0,0,0,0,0,0,0,0,0,0,0,0,0,0,0,0,0,0,0,0,0,0,0,0,0,0,0,0,0,0,0,0,0,0,0,0,0,0,0,0,0,0,0,0,0,0,0,0,0,0,0,0,0,0,0,0,0,0,0,
ATASC,0022,VB #22,733,348,0,273,71,1,1,0,0,2,275,59,7,0,0,0,7,241,97,3,0,7,267,68,5,2,0,6,266,68,4,0,10,277,64,0,7,266,67,4,0,11,273,61,6,0,8,273,66,0,9,277,62,0,9,274,66,0,8,266,72,0,10,289,53,1,0,5,0,0,0,0,250,89,0,9,273,66,0,9,322,0,26,329,0,19,250,98,0,0,328,0,20,287,60,0,1,0,0,0,328,0,20,0,0,0,0,0,0,0,0,0,0,0,0,0,0,0,0,0,0,0,0,0,0,0,0,0,0,0,0,0,0,0,0,0,0,0,0,0,0,0,0,0,0,0,0,0,0,0,0,0,0,0,0,0,0,0,0,0,0,0,0,0,0,0,0,0,0,0,0,0,0,0,0,0,0,0,
ATASC,0022,VB #22,733,0,0,0,0,0,0,0,0,0,0,0,0,0,0,0,0,0,0,0,0,0,0,0,0,0,0,0,0,0,0,0,0,0,0,0,0,0,0,0,0,0,0,0,0,0,0,0,0,0,0,0,0,0,0,0,0,0,0,0,0,0,0,0,0,0,0,0,0,0,0,0,0,0,0,0,0,0,0,0,0,0,0,0,0,0,0,0,0,0,0,0,0,0,0,0,0,0,0,0,0,0,0,0,0,0,0,0,0,0,0,0,0,0,0,0,0,0,0,0,0,0,0,0,0,0,0,0,0,0,0,0,0,0,0,0,0,0,0,0,0,0,0,0,0,0,0,0,0,0,0,0,0,0,0,0,0,0,0,0,0,0,0,0,0,0,0,0,0,0,0,0,0,0,0,0,0,0,
ATASC,0022,VB #22,733,143,0,122,20,1,0,0,0,0,120,18,0,1,0,0,4,101,36,0,0,6,113,21,1,1,0,7,113,17,4,0,9,113,20,0,10,111,18,5,0,9,114,18,1,0,10,114,19,0,10,117,17,0,9,113,20,0,10,111,22,0,10,120,12,5,0,6,0,0,0,0,105,29,0,9,108,24,0,11,133,0,10,134,0,9,97,45,0,1,134,0,9,120,22,0,1,0,0,0,133,0,10,0,0,0,0,0,0,0,0,0,0,0,0,0,0,0,0,0,0,0,0,0,0,0,0,0,0,0,0,0,0,0,0,0,0,0,0,0,0,0,0,0,0,0,0,0,0,0,0,0,0,0,0,0,0,0,0,0,0,0,0,0,0,0,0,0,0,0,0,0,0,0,0,0,0,0,
ATASC,0023,VB #23,882,35,0,9,26,0,0,0,0,0,9,26,0,0,0,0,0,6,29,0,0,0,8,26,0,1,0,0,9,26,0,0,0,7,28,0,0,8,27,0,0,0,7,26,2,0,0,8,27,0,0,7,27,0,1,8,26,0,1,7,27,0,1,10,25,0,0,0,0,0,0,0,8,27,0,0,8,26,0,1,19,0,16,21,0,14,9,26,0,0,24,0,11,0,0,0,0,0,0,0,0,0,0,22,0,13,0,0,0,0,0,0,0,0,0,0,0,0,0,0,0,0,0,0,0,0,0,0,0,0,0,0,0,0,0,0,0,0,0,0,0,0,0,0,0,0,0,0,0,0,0,0,0,0,0,0,0,0,0,0,0,0,0,0,0,0,0,0,0,0,0,0,0,0,0,0,0,0,
ATASC,0023,VB #23,882,333,0,202,125,4,2,0,0,0,196,122,9,1,0,0,5,179,138,11,0,5,186,121,11,5,0,10,193,127,5,0,8,202,122,0,9,191,125,7,0,10,182,133,8,0,10,196,129,0,8,199,126,0,8,201,123,0,9,196,127,0,10,197,115,13,0,8,0,0,0,0,191,133,0,9,189,135,0,9,278,0,55,287,0,46,177,147,0,9,292,0,41,0,0,0,0,0,0,0,0,0,0,288,0,45,0,0,0,0,0,0,0,0,0,0,0,0,0,0,0,0,0,0,0,0,0,0,0,0,0,0,0,0,0,0,0,0,0,0,0,0,0,0,0,0,0,0,0,0,0,0,0,0,0,0,0,0,0,0,0,0,0,0,0,0,0,0,0,0,0,0,0,0,0,0,0,0,
ATASC,0023,VB #23,882,0,0,0,0,0,0,0,0,0,0,0,0,0,0,0,0,0,0,0,0,0,0,0,0,0,0,0,0,0,0,0,0,0,0,0,0,0,0,0,0,0,0,0,0,0,0,0,0,0,0,0,0,0,0,0,0,0,0,0,0,0,0,0,0,0,0,0,0,0,0,0,0,0,0,0,0,0,0,0,0,0,0,0,0,0,0,0,0,0,0,0,0,0,0,0,0,0,0,0,0,0,0,0,0,0,0,0,0,0,0,0,0,0,0,0,0,0,0,0,0,0,0,0,0,0,0,0,0,0,0,0,0,0,0,0,0,0,0,0,0,0,0,0,0,0,0,0,0,0,0,0,0,0,0,0,0,0,0,0,0,0,0,0,0,0,0,0,0,0,0,0,0,0,0,0,0,0,
ATASC,0023,VB #23,882,90,0,56,34,0,0,0,0,0,53,34,2,1,0,0,0,51,36,2,0,1,50,34,3,0,0,3,50,33,5,0,2,54,34,0,2,51,34,3,0,2,48,36,4,0,2,51,37,0,2,53,35,0,2,55,33,0,2,53,35,0,2,50,33,5,0,2,0,0,0,0,52,37,0,1,54,34,0,2,84,0,6,85,0,5,49,39,0,2,85,0,5,0,0,0,0,0,0,0,0,0,0,85,0,5,0,0,0,0,0,0,0,0,0,0,0,0,0,0,0,0,0,0,0,0,0,0,0,0,0,0,0,0,0,0,0,0,0,0,0,0,0,0,0,0,0,0,0,0,0,0,0,0,0,0,0,0,0,0,0,0,0,0,0,0,0,0,0,0,0,0,0,0,0,0,0,0,
ATASC,0024,VB #24,1785,87,0,28,59,0,0,0,0,0,30,57,0,0,0,0,0,25,60,1,0,1,27,56,1,1,0,2,27,56,1,0,3,28,56,0,3,28,57,0,0,2,28,57,0,0,2,27,57,0,3,28,56,0,3,28,56,1,2,28,57,0,2,29,55,0,0,3,0,0,0,0,29,55,0,3,28,57,0,2,48,0,39,49,0,38,32,53,0,2,47,0,40,0,0,0,0,0,0,0,0,0,0,48,0,39,0,0,0,0,0,0,0,0,1,0,0,0,0,0,0,0,0,0,0,1,0,0,0,0,0,0,0,0,0,0,0,0,0,0,0,0,0,0,0,0,0,0,0,0,0,0,0,0,0,0,0,0,0,0,0,0,0,0,46,29,0,5,0,0,0,0,0,0,0,0,0,0,
ATASC,0024,VB #24,1785,985,0,617,351,9,6,0,0,2,615,336,16,4,0,0,14,590,361,19,0,15,593,342,17,17,0,16,609,339,22,0,15,629,340,0,16,619,332,21,0,13,610,337,21,0,17,619,350,0,16,621,346,0,18,627,339,0,19,620,350,0,15,630,320,22,0,13,0,0,0,0,614,354,0,17,611,356,0,18,865,0,120,873,0,112,588,383,0,14,876,0,109,0,0,0,0,0,0,0,0,0,0,865,0,120,0,0,0,0,0,0,0,35,40,0,7,66,0,16,0,0,0,0,60,15,0,7,0,0,0,0,0,0,0,0,0,0,0,0,0,0,0,0,0,0,0,0,0,0,0,0,0,0,0,0,0,0,0,0,0,0,0,0,616,243,0,17,0,0,0,0,0,0,0,0,0,0,
ATASC,0024,VB #24,1785,0,0,0,0,0,0,0,0,0,0,0,0,0,0,0,0,0,0,0,0,0,0,0,0,0,0,0,0,0,0,0,0,0,0,0,0,0,0,0,0,0,0,0,0,0,0,0,0,0,0,0,0,0,0,0,0,0,0,0,0,0,0,0,0,0,0,0,0,0,0,0,0,0,0,0,0,0,0,0,0,0,0,0,0,0,0,0,0,0,0,0,0,0,0,0,0,0,0,0,0,0,0,0,0,0,0,0,0,0,0,0,0,0,0,0,0,0,0,0,0,0,0,0,0,0,0,0,0,0,0,0,0,0,0,0,0,0,0,0,0,0,0,0,0,0,0,0,0,0,0,0,0,0,0,0,0,0,0,0,0,0,0,0,0,0,0,0,0,0,0,0,0,0,0,0,0,0,
ATASC,0024,VB #24,1785,163,0,109,47,4,2,1,0,0,116,42,4,0,0,0,1,95,63,4,0,1,105,50,5,1,0,2,106,50,6,0,1,109,53,0,1,108,49,4,0,2,105,51,4,0,3,107,55,0,1,110,52,0,1,113,47,0,3,103,57,0,3,110,45,5,0,3,0,0,0,0,100,61,0,2,99,63,0,1,155,0,8,154,0,9,95,66,0,2,156,0,7,0,0,0,0,0,0,0,0,0,0,153,0,10,0,0,0,0,0,0,0,7,3,0,0,9,0,0,0,0,0,0,8,2,0,0,0,0,0,0,0,0,0,0,0,0,0,0,0,0,0,0,0,0,0,0,0,0,0,0,0,0,0,0,0,0,0,0,0,0,0,0,107,42,0,1,0,0,0,0,0,0,0,0,0,0,
ATASC,ZZZ,COUNTY TOTALS,29386,18233,4,12039,5876,143,58,22,13,82,11906,5588,258,142,12,5,322,10082,7587,257,1,306,11368,6005,279,158,3,420,11275,6076,402,1,479,11788,5929,0,516,11443,5944,358,0,488,11321,6026,365,0,521,11654,6093,0,486,11709,5988,0,536,11776,5880,1,576,11361,6368,1,503,11679,5341,354,2,329,401,118,0,9,10562,7200,2,469,11240,6468,0,525,15845,0,2388,16080,0,2153,9688,8339,0,206,16224,0,2009,2620,1398,0,70,3691,0,639,3521,0,567,3933,0,612,2443,1796,1,94,4863,0,403,427,424,0,16,209,0,32,132,95,0,3,659,197,0,11,1327,94,1,147,672,448,472,261,735,281,18,251,87,71,0,2,67,81,0,12,249,83,0,47,240,7,0,40,9,25,0,1,7,27,0,1,819,348,0,24,755,0,213,740,0,228,473,415,0,80,