tbContestName,Textbox106,NumberReporting,NumberTotal,PercentageReporting,Textbox99,Textbox104,Textbox105,Textbox25,Textbox29,Textbox33,ChoiceName,ChoicePartyNames,ID1__Votes,ID1__VotesP,ID2__Votes,ID2__VotesP,ID3__Votes,ID3__VotesP,Textbox46,Textbox54,Textbox31,Textbox32,Textbox34,Textbox35,Textbox36,Textbox38,Textbox47,Textbox55,Textbox3,Textbox5,Textbox7,Textbox13,Textbox17,Textbox19,Textbox22,Textbox49,Textbox50,Textbox56,Textbox87,Textbox93,Textbox53,Textbox57,Textbox59,Textbox61,Textbox67,Textbox69,Textbox71,Textbox73,Textbox75,Textbox81
U.S. President / Vice President - Vote for none or one.,Precincts,77,77,100.00%,"109,963","153,614",71.58%,Absentee Voting,Early Voting,Election Day Voting,Donald J. Trump/Michael R. Pence,REP,"4,098",32.91%,"38,240",44.50%,"5,342",48.51%,"47,680",43.59%,"12,454",100.00%,"85,928",100.00%,"11,013",100.00%,"109,395",100.00%,93,391,83,567,1,0,0,1,0,0,0,0,Rejected write-in votes:,0,0,0,0,Unresolved write-in votes:,0,0,0,0
U.S. President / Vice President - Vote for none or one.,Precincts,77,77,100.00%,"109,963","153,614",71.58%,Absentee Voting,Early Voting,Election Day Voting,Joseph R. Biden/Kamala D. Harris,DEM,"8,241",66.17%,"46,046",53.59%,"5,237",47.55%,"59,524",54.41%,"12,454",100.00%,"85,928",100.00%,"11,013",100.00%,"109,395",100.00%,93,391,83,567,1,0,0,1,0,0,0,0,Rejected write-in votes:,0,0,0,0,Unresolved write-in votes:,0,0,0,0
U.S. President / Vice President - Vote for none or one.,Precincts,77,77,100.00%,"109,963","153,614",71.58%,Absentee Voting,Early Voting,Election Day Voting,"Jo Jorgensen/Jeremy ""Spike"" Cohen",LIB,85,0.68%,"1,313",1.53%,337,3.06%,"1,735",1.59%,"12,454",100.00%,"85,928",100.00%,"11,013",100.00%,"109,395",100.00%,93,391,83,567,1,0,0,1,0,0,0,0,Rejected write-in votes:,0,0,0,0,Unresolved write-in votes:,0,0,0,0
U.S. President / Vice President - Vote for none or one.,Precincts,77,77,100.00%,"109,963","153,614",71.58%,Absentee Voting,Early Voting,Election Day Voting,Howie Hawkins/Angela Walker,GRN,26,0.21%,300,0.35%,92,0.84%,418,0.38%,"12,454",100.00%,"85,928",100.00%,"11,013",100.00%,"109,395",100.00%,93,391,83,567,1,0,0,1,0,0,0,0,Rejected write-in votes:,0,0,0,0,Unresolved write-in votes:,0,0,0,0
U.S. President / Vice President - Vote for none or one.,Precincts,77,77,100.00%,"109,963","153,614",71.58%,Absentee Voting,Early Voting,Election Day Voting,Abram Loeb/Jennifer Jairala (W),,0,0.00%,0,0.00%,0,0.00%,0,0.00%,"12,454",100.00%,"85,928",100.00%,"11,013",100.00%,"109,395",100.00%,93,391,83,567,1,0,0,1,0,0,0,0,Rejected write-in votes:,0,0,0,0,Unresolved write-in votes:,0,0,0,0
U.S. President / Vice President - Vote for none or one.,Precincts,77,77,100.00%,"109,963","153,614",71.58%,Absentee Voting,Early Voting,Election Day Voting,Brian Carroll/Amar Patel (W),,2,0.02%,21,0.02%,4,0.04%,27,0.02%,"12,454",100.00%,"85,928",100.00%,"11,013",100.00%,"109,395",100.00%,93,391,83,567,1,0,0,1,0,0,0,0,Rejected write-in votes:,0,0,0,0,Unresolved write-in votes:,0,0,0,0
U.S. President / Vice President - Vote for none or one.,Precincts,77,77,100.00%,"109,963","153,614",71.58%,Absentee Voting,Early Voting,Election Day Voting,Gloria La Riva/Leonard Peltier (W),,1,0.01%,4,0.00%,1,0.01%,6,0.01%,"12,454",100.00%,"85,928",100.00%,"11,013",100.00%,"109,395",100.00%,93,391,83,567,1,0,0,1,0,0,0,0,Rejected write-in votes:,0,0,0,0,Unresolved write-in votes:,0,0,0,0
U.S. President / Vice President - Vote for none or one.,Precincts,77,77,100.00%,"109,963","153,614",71.58%,Absentee Voting,Early Voting,Election Day Voting,Jesse Cuellar/Jimmy Monreal (W),,0,0.00%,0,0.00%,0,0.00%,0,0.00%,"12,454",100.00%,"85,928",100.00%,"11,013",100.00%,"109,395",100.00%,93,391,83,567,1,0,0,1,0,0,0,0,Rejected write-in votes:,0,0,0,0,Unresolved write-in votes:,0,0,0,0
U.S. President / Vice President - Vote for none or one.,Precincts,77,77,100.00%,"109,963","153,614",71.58%,Absentee Voting,Early Voting,Election Day Voting,Kasey Wells/Rachel Wells (W),,0,0.00%,0,0.00%,0,0.00%,0,0.00%,"12,454",100.00%,"85,928",100.00%,"11,013",100.00%,"109,395",100.00%,93,391,83,567,1,0,0,1,0,0,0,0,Rejected write-in votes:,0,0,0,0,Unresolved write-in votes:,0,0,0,0
U.S. President / Vice President - Vote for none or one.,Precincts,77,77,100.00%,"109,963","153,614",71.58%,Absentee Voting,Early Voting,Election Day Voting,President R. Boddie/Eric C. Stoneham (W),,0,0.00%,0,0.00%,0,0.00%,0,0.00%,"12,454",100.00%,"85,928",100.00%,"11,013",100.00%,"109,395",100.00%,93,391,83,567,1,0,0,1,0,0,0,0,Rejected write-in votes:,0,0,0,0,Unresolved write-in votes:,0,0,0,0
U.S. President / Vice President - Vote for none or one.,Precincts,77,77,100.00%,"109,963","153,614",71.58%,Absentee Voting,Early Voting,Election Day Voting,Robert Morrow/Anne Beckett (W),,0,0.00%,0,0.00%,0,0.00%,0,0.00%,"12,454",100.00%,"85,928",100.00%,"11,013",100.00%,"109,395",100.00%,93,391,83,567,1,0,0,1,0,0,0,0,Rejected write-in votes:,0,0,0,0,Unresolved write-in votes:,0,0,0,0
U.S. President / Vice President - Vote for none or one.,Precincts,77,77,100.00%,"109,963","153,614",71.58%,Absentee Voting,Early Voting,Election Day Voting,Todd Cella/Tim Cella (W),,1,0.01%,2,0.00%,0,0.00%,3,0.00%,"12,454",100.00%,"85,928",100.00%,"11,013",100.00%,"109,395",100.00%,93,391,83,567,1,0,0,1,0,0,0,0,Rejected write-in votes:,0,0,0,0,Unresolved write-in votes:,0,0,0,0
U.S. President / Vice President - Vote for none or one.,Precincts,77,77,100.00%,"109,963","153,614",71.58%,Absentee Voting,Early Voting,Election Day Voting,Tom Hoefling/Andy Prior (W),,0,0.00%,2,0.00%,0,0.00%,2,0.00%,"12,454",100.00%,"85,928",100.00%,"11,013",100.00%,"109,395",100.00%,93,391,83,567,1,0,0,1,0,0,0,0,Rejected write-in votes:,0,0,0,0,Unresolved write-in votes:,0,0,0,0
U.S. Senator - Vote for none or one.,Precincts,77,77,100.00%,"109,963","153,614",71.58%,Absentee Voting,Early Voting,Election Day Voting,John Cornyn,REP,"4,492",36.17%,"39,647",46.46%,"5,400",50.07%,"49,539",45.64%,"12,420",100.00%,"85,342",100.00%,"10,784",100.00%,"108,546",100.00%,127,977,312,"1,416",1,0,0,1,0,0,0,0,Rejected write-in votes:,0,0,0,0,Unresolved write-in votes:,0,0,0,0
U.S. Senator - Vote for none or one.,Precincts,77,77,100.00%,"109,963","153,614",71.58%,Absentee Voting,Early Voting,Election Day Voting,"Mary ""MJ"" Hegar",DEM,"7,815",62.92%,"43,063",50.46%,"4,719",43.76%,"55,597",51.22%,"12,420",100.00%,"85,342",100.00%,"10,784",100.00%,"108,546",100.00%,127,977,312,"1,416",1,0,0,1,0,0,0,0,Rejected write-in votes:,0,0,0,0,Unresolved write-in votes:,0,0,0,0
U.S. Senator - Vote for none or one.,Precincts,77,77,100.00%,"109,963","153,614",71.58%,Absentee Voting,Early Voting,Election Day Voting,Kerry Douglas McKennon,LIB,84,0.68%,"2,007",2.35%,504,4.67%,"2,595",2.39%,"12,420",100.00%,"85,342",100.00%,"10,784",100.00%,"108,546",100.00%,127,977,312,"1,416",1,0,0,1,0,0,0,0,Rejected write-in votes:,0,0,0,0,Unresolved write-in votes:,0,0,0,0
U.S. Senator - Vote for none or one.,Precincts,77,77,100.00%,"109,963","153,614",71.58%,Absentee Voting,Early Voting,Election Day Voting,David B. Collins,GRN,28,0.23%,625,0.73%,161,1.49%,814,0.75%,"12,420",100.00%,"85,342",100.00%,"10,784",100.00%,"108,546",100.00%,127,977,312,"1,416",1,0,0,1,0,0,0,0,Rejected write-in votes:,0,0,0,0,Unresolved write-in votes:,0,0,0,0
U.S. Senator - Vote for none or one.,Precincts,77,77,100.00%,"109,963","153,614",71.58%,Absentee Voting,Early Voting,Election Day Voting,Ricardo Turullols-Bonilla (W),,1,0.01%,0,0.00%,0,0.00%,1,0.00%,"12,420",100.00%,"85,342",100.00%,"10,784",100.00%,"108,546",100.00%,127,977,312,"1,416",1,0,0,1,0,0,0,0,Rejected write-in votes:,0,0,0,0,Unresolved write-in votes:,0,0,0,0
"U.S. Representative, District 21 - Vote for none or one.",Precincts,21,21,100.00%,"28,829","38,612",74.66%,Absentee Voting,Early Voting,Election Day Voting,Chip Roy,REP,"1,294",35.86%,"10,396",47.20%,"1,448",54.70%,"13,138",46.46%,"3,608",100.00%,"22,025",100.00%,"2,647",100.00%,"28,280",100.00%,84,309,80,473,0,76,0,76,0,0,0,0,Rejected write-in votes:,0,0,0,0,Unresolved write-in votes:,0,0,0,0
"U.S. Representative, District 21 - Vote for none or one.",Precincts,21,21,100.00%,"28,829","38,612",74.66%,Absentee Voting,Early Voting,Election Day Voting,Wendy R. Davis,DEM,"2,247",62.28%,"10,854",49.28%,"1,023",38.65%,"14,124",49.94%,"3,608",100.00%,"22,025",100.00%,"2,647",100.00%,"28,280",100.00%,84,309,80,473,0,76,0,76,0,0,0,0,Rejected write-in votes:,0,0,0,0,Unresolved write-in votes:,0,0,0,0
"U.S. Representative, District 21 - Vote for none or one.",Precincts,21,21,100.00%,"28,829","38,612",74.66%,Absentee Voting,Early Voting,Election Day Voting,Arthur DiBianca,LIB,38,1.05%,542,2.46%,124,4.68%,704,2.49%,"3,608",100.00%,"22,025",100.00%,"2,647",100.00%,"28,280",100.00%,84,309,80,473,0,76,0,76,0,0,0,0,Rejected write-in votes:,0,0,0,0,Unresolved write-in votes:,0,0,0,0
"U.S. Representative, District 21 - Vote for none or one.",Precincts,21,21,100.00%,"28,829","38,612",74.66%,Absentee Voting,Early Voting,Election Day Voting,Tommy Wakely,GRN,29,0.80%,233,1.06%,52,1.96%,314,1.11%,"3,608",100.00%,"22,025",100.00%,"2,647",100.00%,"28,280",100.00%,84,309,80,473,0,76,0,76,0,0,0,0,Rejected write-in votes:,0,0,0,0,Unresolved write-in votes:,0,0,0,0
"U.S. Representative, District 25 - Vote for none or one.",Precincts,18,18,100.00%,"36,171","44,000",82.21%,Absentee Voting,Early Voting,Election Day Voting,Roger Williams,REP,"2,051",40.23%,"16,552",59.02%,"1,648",68.24%,"20,251",56.95%,"5,098",100.00%,"28,045",100.00%,"2,415",100.00%,"35,558",100.00%,95,358,78,531,0,82,0,82,0,0,0,0,Rejected write-in votes:,0,0,0,0,Unresolved write-in votes:,0,0,0,0
"U.S. Representative, District 25 - Vote for none or one.",Precincts,18,18,100.00%,"36,171","44,000",82.21%,Absentee Voting,Early Voting,Election Day Voting,Julie Oliver,DEM,"3,011",59.06%,"10,909",38.90%,642,26.58%,"14,562",40.95%,"5,098",100.00%,"28,045",100.00%,"2,415",100.00%,"35,558",100.00%,95,358,78,531,0,82,0,82,0,0,0,0,Rejected write-in votes:,0,0,0,0,Unresolved write-in votes:,0,0,0,0
"U.S. Representative, District 25 - Vote for none or one.",Precincts,18,18,100.00%,"36,171","44,000",82.21%,Absentee Voting,Early Voting,Election Day Voting,Bill Kelsey,LIB,36,0.71%,584,2.08%,125,5.18%,745,2.10%,"5,098",100.00%,"28,045",100.00%,"2,415",100.00%,"35,558",100.00%,95,358,78,531,0,82,0,82,0,0,0,0,Rejected write-in votes:,0,0,0,0,Unresolved write-in votes:,0,0,0,0
"U.S. Representative, District 35 - Vote for none or one.",Precincts,37,37,100.00%,"44,698","71,002",62.95%,Absentee Voting,Early Voting,Election Day Voting,Jenny Garcia Sharon,REP,905,25.24%,"11,318",32.89%,"2,107",37.21%,"14,330",32.82%,"3,586",100.00%,"34,413",100.00%,"5,663",100.00%,"43,662",100.00%,76,732,213,"1,021",0,15,0,15,0,0,0,0,Rejected write-in votes:,0,0,0,0,Unresolved write-in votes:,0,0,0,0
"U.S. Representative, District 35 - Vote for none or one.",Precincts,37,37,100.00%,"44,698","71,002",62.95%,Absentee Voting,Early Voting,Election Day Voting,Lloyd Doggett,DEM,"2,621",73.09%,"21,401",62.19%,"3,074",54.28%,"27,096",62.06%,"3,586",100.00%,"34,413",100.00%,"5,663",100.00%,"43,662",100.00%,76,732,213,"1,021",0,15,0,15,0,0,0,0,Rejected write-in votes:,0,0,0,0,Unresolved write-in votes:,0,0,0,0
"U.S. Representative, District 35 - Vote for none or one.",Precincts,37,37,100.00%,"44,698","71,002",62.95%,Absentee Voting,Early Voting,Election Day Voting,Mark Loewe,LIB,41,1.14%,"1,101",3.20%,287,5.07%,"1,429",3.27%,"3,586",100.00%,"34,413",100.00%,"5,663",100.00%,"43,662",100.00%,76,732,213,"1,021",0,15,0,15,0,0,0,0,Rejected write-in votes:,0,0,0,0,Unresolved write-in votes:,0,0,0,0
"U.S. Representative, District 35 - Vote for none or one.",Precincts,37,37,100.00%,"44,698","71,002",62.95%,Absentee Voting,Early Voting,Election Day Voting,Jason Mata Sr,IND,19,0.53%,593,1.72%,195,3.44%,807,1.85%,"3,586",100.00%,"34,413",100.00%,"5,663",100.00%,"43,662",100.00%,76,732,213,"1,021",0,15,0,15,0,0,0,0,Rejected write-in votes:,0,0,0,0,Unresolved write-in votes:,0,0,0,0
Railroad Commissioner - Vote for none or one.,Precincts,74,74,100.00%,"109,823","153,614",71.49%,Absentee Voting,Early Voting,Election Day Voting,"James ""Jim"" Wright",REP,"4,294",35.83%,"38,893",46.23%,"5,187",49.06%,"48,374",45.34%,"11,985",100.00%,"84,130",100.00%,"10,572",100.00%,"106,687",100.00%,422,"2,189",524,"3,135",1,0,0,1,0,0,0,0,Rejected write-in votes:,0,0,0,0,Unresolved write-in votes:,0,0,0,0
Railroad Commissioner - Vote for none or one.,Precincts,74,74,100.00%,"109,823","153,614",71.49%,Absentee Voting,Early Voting,Election Day Voting,Chrysta Castañeda,DEM,"7,473",62.35%,"41,176",48.94%,"4,509",42.65%,"53,158",49.83%,"11,985",100.00%,"84,130",100.00%,"10,572",100.00%,"106,687",100.00%,422,"2,189",524,"3,135",1,0,0,1,0,0,0,0,Rejected write-in votes:,0,0,0,0,Unresolved write-in votes:,0,0,0,0
Railroad Commissioner - Vote for none or one.,Precincts,74,74,100.00%,"109,823","153,614",71.49%,Absentee Voting,Early Voting,Election Day Voting,Matt Sterett,LIB,122,1.02%,"2,449",2.91%,544,5.15%,"3,115",2.92%,"11,985",100.00%,"84,130",100.00%,"10,572",100.00%,"106,687",100.00%,422,"2,189",524,"3,135",1,0,0,1,0,0,0,0,Rejected write-in votes:,0,0,0,0,Unresolved write-in votes:,0,0,0,0
Railroad Commissioner - Vote for none or one.,Precincts,74,74,100.00%,"109,823","153,614",71.49%,Absentee Voting,Early Voting,Election Day Voting,"Katija ""Kat"" Gruene",GRN,96,0.80%,"1,612",1.92%,332,3.14%,"2,040",1.91%,"11,985",100.00%,"84,130",100.00%,"10,572",100.00%,"106,687",100.00%,422,"2,189",524,"3,135",1,0,0,1,0,0,0,0,Rejected write-in votes:,0,0,0,0,Unresolved write-in votes:,0,0,0,0
"Chief Justice, Supreme Court of Texas - Vote for none or one.",Precincts,74,74,100.00%,"109,823","153,614",71.49%,Absentee Voting,Early Voting,Election Day Voting,Nathan Hecht,REP,"4,364",36.41%,"38,684",45.89%,"5,087",48.00%,"48,135",45.04%,"11,986",100.00%,"84,298",100.00%,"10,598",100.00%,"106,882",100.00%,422,"2,021",498,"2,941",0,0,0,0,0,0,0,0,Rejected write-in votes:,0,0,0,0,Unresolved write-in votes:,0,0,0,0
"Chief Justice, Supreme Court of Texas - Vote for none or one.",Precincts,74,74,100.00%,"109,823","153,614",71.49%,Absentee Voting,Early Voting,Election Day Voting,Amy Clark Meachum,DEM,"7,499",62.56%,"42,763",50.73%,"4,803",45.32%,"55,065",51.52%,"11,986",100.00%,"84,298",100.00%,"10,598",100.00%,"106,882",100.00%,422,"2,021",498,"2,941",0,0,0,0,0,0,0,0,Rejected write-in votes:,0,0,0,0,Unresolved write-in votes:,0,0,0,0
"Chief Justice, Supreme Court of Texas - Vote for none or one.",Precincts,74,74,100.00%,"109,823","153,614",71.49%,Absentee Voting,Early Voting,Election Day Voting,Mark Ash,LIB,123,1.03%,"2,851",3.38%,708,6.68%,"3,682",3.44%,"11,986",100.00%,"84,298",100.00%,"10,598",100.00%,"106,882",100.00%,422,"2,021",498,"2,941",0,0,0,0,0,0,0,0,Rejected write-in votes:,0,0,0,0,Unresolved write-in votes:,0,0,0,0
"Justice, Supreme Court of Texas, Place 6, Unexpired Term - Vote for none or one.",Precincts,74,74,100.00%,"109,823","153,614",71.49%,Absentee Voting,Early Voting,Election Day Voting,Jane Bland,REP,"4,493",37.77%,"40,808",48.61%,"5,589",53.06%,"50,890",47.84%,"11,897",100.00%,"83,949",100.00%,"10,533",100.00%,"106,379",100.00%,510,"2,370",563,"3,443",1,0,0,1,0,0,0,0,Rejected write-in votes:,0,0,0,0,Unresolved write-in votes:,0,0,0,0
"Justice, Supreme Court of Texas, Place 6, Unexpired Term - Vote for none or one.",Precincts,74,74,100.00%,"109,823","153,614",71.49%,Absentee Voting,Early Voting,Election Day Voting,Kathy Cheng,DEM,"7,404",62.23%,"43,141",51.39%,"4,944",46.94%,"55,489",52.16%,"11,897",100.00%,"83,949",100.00%,"10,533",100.00%,"106,379",100.00%,510,"2,370",563,"3,443",1,0,0,1,0,0,0,0,Rejected write-in votes:,0,0,0,0,Unresolved write-in votes:,0,0,0,0
"Justice, Supreme Court of Texas, Place 7 - Vote for none or one.",Precincts,74,74,100.00%,"109,823","153,614",71.49%,Absentee Voting,Early Voting,Election Day Voting,Jeff Boyd,REP,"4,303",36.14%,"39,039",46.47%,"5,227",49.62%,"48,569",45.63%,"11,905",100.00%,"84,002",100.00%,"10,534",100.00%,"106,441",100.00%,503,"2,317",562,"3,382",0,0,0,0,0,0,0,0,Rejected write-in votes:,0,0,0,0,Unresolved write-in votes:,0,0,0,0
"Justice, Supreme Court of Texas, Place 7 - Vote for none or one.",Precincts,74,74,100.00%,"109,823","153,614",71.49%,Absentee Voting,Early Voting,Election Day Voting,Staci Williams,DEM,"7,482",62.85%,"42,308",50.37%,"4,655",44.19%,"54,445",51.15%,"11,905",100.00%,"84,002",100.00%,"10,534",100.00%,"106,441",100.00%,503,"2,317",562,"3,382",0,0,0,0,0,0,0,0,Rejected write-in votes:,0,0,0,0,Unresolved write-in votes:,0,0,0,0
"Justice, Supreme Court of Texas, Place 7 - Vote for none or one.",Precincts,74,74,100.00%,"109,823","153,614",71.49%,Absentee Voting,Early Voting,Election Day Voting,William Bryan Strange III,LIB,120,1.01%,"2,655",3.16%,652,6.19%,"3,427",3.22%,"11,905",100.00%,"84,002",100.00%,"10,534",100.00%,"106,441",100.00%,503,"2,317",562,"3,382",0,0,0,0,0,0,0,0,Rejected write-in votes:,0,0,0,0,Unresolved write-in votes:,0,0,0,0
"Justice, Supreme Court of Texas, Place 8 - Vote for none or one.",Precincts,74,74,100.00%,"109,823","153,614",71.49%,Absentee Voting,Early Voting,Election Day Voting,Brett Busby,REP,"4,364",36.75%,"38,902",46.42%,"5,136",48.90%,"48,402",45.58%,"11,874",100.00%,"83,813",100.00%,"10,504",100.00%,"106,191",100.00%,534,"2,506",592,"3,632",0,0,0,0,0,0,0,0,Rejected write-in votes:,0,0,0,0,Unresolved write-in votes:,0,0,0,0
"Justice, Supreme Court of Texas, Place 8 - Vote for none or one.",Precincts,74,74,100.00%,"109,823","153,614",71.49%,Absentee Voting,Early Voting,Election Day Voting,Gisela D. Triana,DEM,"7,375",62.11%,"42,056",50.18%,"4,665",44.41%,"54,096",50.94%,"11,874",100.00%,"83,813",100.00%,"10,504",100.00%,"106,191",100.00%,534,"2,506",592,"3,632",0,0,0,0,0,0,0,0,Rejected write-in votes:,0,0,0,0,Unresolved write-in votes:,0,0,0,0
"Justice, Supreme Court of Texas, Place 8 - Vote for none or one.",Precincts,74,74,100.00%,"109,823","153,614",71.49%,Absentee Voting,Early Voting,Election Day Voting,Tom Oxford,LIB,135,1.14%,"2,855",3.41%,703,6.69%,"3,693",3.48%,"11,874",100.00%,"83,813",100.00%,"10,504",100.00%,"106,191",100.00%,534,"2,506",592,"3,632",0,0,0,0,0,0,0,0,Rejected write-in votes:,0,0,0,0,Unresolved write-in votes:,0,0,0,0
"Judge, Court of Criminal Appeals, Place 3 - Vote for none or one.",Precincts,74,74,100.00%,"109,823","153,614",71.49%,Absentee Voting,Early Voting,Election Day Voting,Bert Richardson,REP,"4,349",36.74%,"39,930",47.73%,"5,410",51.64%,"49,689",46.89%,"11,838",100.00%,"83,663",100.00%,"10,477",100.00%,"105,978",100.00%,570,"2,656",619,"3,845",0,0,0,0,0,0,0,0,Rejected write-in votes:,0,0,0,0,Unresolved write-in votes:,0,0,0,0
"Judge, Court of Criminal Appeals, Place 3 - Vote for none or one.",Precincts,74,74,100.00%,"109,823","153,614",71.49%,Absentee Voting,Early Voting,Election Day Voting,Elizabeth Davis Frizell,DEM,"7,489",63.26%,"43,733",52.27%,"5,067",48.36%,"56,289",53.11%,"11,838",100.00%,"83,663",100.00%,"10,477",100.00%,"105,978",100.00%,570,"2,656",619,"3,845",0,0,0,0,0,0,0,0,Rejected write-in votes:,0,0,0,0,Unresolved write-in votes:,0,0,0,0
"Judge, Court of Criminal Appeals, Place 4 - Vote for none or one.",Precincts,74,74,100.00%,"109,823","153,614",71.49%,Absentee Voting,Early Voting,Election Day Voting,Kevin Patrick Yeary,REP,"4,348",36.82%,"40,460",48.51%,"5,567",53.39%,"50,375",47.68%,"11,810",100.00%,"83,411",100.00%,"10,427",100.00%,"105,648",100.00%,598,"2,908",669,"4,175",0,0,0,0,0,0,0,0,Rejected write-in votes:,0,0,0,0,Unresolved write-in votes:,0,0,0,0
"Judge, Court of Criminal Appeals, Place 4 - Vote for none or one.",Precincts,74,74,100.00%,"109,823","153,614",71.49%,Absentee Voting,Early Voting,Election Day Voting,Tina Clinton,DEM,"7,462",63.18%,"42,951",51.49%,"4,860",46.61%,"55,273",52.32%,"11,810",100.00%,"83,411",100.00%,"10,427",100.00%,"105,648",100.00%,598,"2,908",669,"4,175",0,0,0,0,0,0,0,0,Rejected write-in votes:,0,0,0,0,Unresolved write-in votes:,0,0,0,0
"Judge, Court of Criminal Appeals, Place 9 - Vote for none or one.",Precincts,74,74,100.00%,"109,823","153,614",71.49%,Absentee Voting,Early Voting,Election Day Voting,David Newell,REP,"4,393",37.30%,"40,630",48.86%,"5,560",53.55%,"50,583",48.03%,"11,778",100.00%,"83,155",100.00%,"10,383",100.00%,"105,316",100.00%,630,"3,164",713,"4,507",0,0,0,0,0,0,0,0,Rejected write-in votes:,0,0,0,0,Unresolved write-in votes:,0,0,0,0
"Judge, Court of Criminal Appeals, Place 9 - Vote for none or one.",Precincts,74,74,100.00%,"109,823","153,614",71.49%,Absentee Voting,Early Voting,Election Day Voting,Brandon Birmingham,DEM,"7,385",62.70%,"42,525",51.14%,"4,823",46.45%,"54,733",51.97%,"11,778",100.00%,"83,155",100.00%,"10,383",100.00%,"105,316",100.00%,630,"3,164",713,"4,507",0,0,0,0,0,0,0,0,Rejected write-in votes:,0,0,0,0,Unresolved write-in votes:,0,0,0,0
"Member, State Board of Education, District 5 - Vote for none or one.",Precincts,73,73,100.00%,"109,380","153,614",71.20%,Absentee Voting,Early Voting,Election Day Voting,Lani Popp,REP,"4,190",35.55%,"38,026",45.72%,"5,045",48.16%,"47,261",44.82%,"11,785",100.00%,"83,175",100.00%,"10,475",100.00%,"105,435",100.00%,620,"2,697",621,"3,938",2,5,0,7,0,0,0,0,Rejected write-in votes:,0,0,0,0,Unresolved write-in votes:,0,0,0,0
"Member, State Board of Education, District 5 - Vote for none or one.",Precincts,73,73,100.00%,"109,380","153,614",71.20%,Absentee Voting,Early Voting,Election Day Voting,Rebecca Bell-Metereau,DEM,"7,425",63.00%,"41,283",49.63%,"4,542",43.36%,"53,250",50.51%,"11,785",100.00%,"83,175",100.00%,"10,475",100.00%,"105,435",100.00%,620,"2,697",621,"3,938",2,5,0,7,0,0,0,0,Rejected write-in votes:,0,0,0,0,Unresolved write-in votes:,0,0,0,0
"Member, State Board of Education, District 5 - Vote for none or one.",Precincts,73,73,100.00%,"109,380","153,614",71.20%,Absentee Voting,Early Voting,Election Day Voting,Stephanie Berlin,LIB,170,1.44%,"3,866",4.65%,888,8.48%,"4,924",4.67%,"11,785",100.00%,"83,175",100.00%,"10,475",100.00%,"105,435",100.00%,620,"2,697",621,"3,938",2,5,0,7,0,0,0,0,Rejected write-in votes:,0,0,0,0,Unresolved write-in votes:,0,0,0,0
"State Senator, District 21 - Vote for none or one.",Precincts,25,25,100.00%,"24,321","38,990",62.38%,Absentee Voting,Early Voting,Election Day Voting,Frank Pomeroy,REP,595,26.91%,"6,241",35.06%,"1,305",40.41%,"8,141",35.03%,"2,211",100.00%,"17,803",100.00%,"3,229",100.00%,"23,243",100.00%,117,653,208,978,0,100,0,100,0,0,0,0,Rejected write-in votes:,0,0,0,0,Unresolved write-in votes:,0,0,0,0
"State Senator, District 21 - Vote for none or one.",Precincts,25,25,100.00%,"24,321","38,990",62.38%,Absentee Voting,Early Voting,Election Day Voting,Judith Zaffirini,DEM,"1,616",73.09%,"11,562",64.94%,"1,924",59.59%,"15,102",64.97%,"2,211",100.00%,"17,803",100.00%,"3,229",100.00%,"23,243",100.00%,117,653,208,978,0,100,0,100,0,0,0,0,Rejected write-in votes:,0,0,0,0,Unresolved write-in votes:,0,0,0,0
"State Representative, District 45 - Vote for none or one.",Precincts,69,69,100.00%,"109,108","153,614",71.03%,Absentee Voting,Early Voting,Election Day Voting,Carrie Isaac,REP,"4,308",36.12%,"40,598",48.49%,"5,791",54.68%,"50,697",47.72%,"11,928",100.00%,"83,726",100.00%,"10,590",100.00%,"106,244",100.00%,479,"1,878",506,"2,863",0,1,0,1,0,0,0,0,Rejected write-in votes:,0,0,0,0,Unresolved write-in votes:,0,0,0,0
"State Representative, District 45 - Vote for none or one.",Precincts,69,69,100.00%,"109,108","153,614",71.03%,Absentee Voting,Early Voting,Election Day Voting,Erin Zwiener,DEM,"7,620",63.88%,"43,128",51.51%,"4,799",45.32%,"55,547",52.28%,"11,928",100.00%,"83,726",100.00%,"10,590",100.00%,"106,244",100.00%,479,"1,878",506,"2,863",0,1,0,1,0,0,0,0,Rejected write-in votes:,0,0,0,0,Unresolved write-in votes:,0,0,0,0
"Chief Justice, 3rd Court of Appeals District - Vote for none or one.",Precincts,72,72,100.00%,"109,315","153,614",71.16%,Absentee Voting,Early Voting,Election Day Voting,Jeff Rose,REP,"4,408",37.47%,"40,497",48.89%,"5,548",53.43%,"50,453",48.06%,"11,765",100.00%,"82,831",100.00%,"10,383",100.00%,"104,979",100.00%,641,"2,981",713,"4,335",1,0,0,1,0,0,0,0,Rejected write-in votes:,0,0,0,0,Unresolved write-in votes:,0,0,0,0
"Chief Justice, 3rd Court of Appeals District - Vote for none or one.",Precincts,72,72,100.00%,"109,315","153,614",71.16%,Absentee Voting,Early Voting,Election Day Voting,Darlene Byrne,DEM,"7,357",62.53%,"42,334",51.11%,"4,835",46.57%,"54,526",51.94%,"11,765",100.00%,"82,831",100.00%,"10,383",100.00%,"104,979",100.00%,641,"2,981",713,"4,335",1,0,0,1,0,0,0,0,Rejected write-in votes:,0,0,0,0,Unresolved write-in votes:,0,0,0,0
"Judge, 22nd Judicial District - Vote for none or one.",Precincts,70,70,100.00%,"109,138","153,614",71.05%,Absentee Voting,Early Voting,Election Day Voting,R. Bruce Boyer,REP,"5,464",100.00%,"56,773",100.00%,"8,219",100.00%,"70,456",100.00%,"5,464",100.00%,"56,773",100.00%,"8,219",100.00%,"70,456",100.00%,"6,943","28,862","2,877","38,682",0,0,0,0,0,0,0,0,Rejected write-in votes:,0,0,0,0,Unresolved write-in votes:,0,0,0,0
"Judge, 453rd Judicial District - Vote for none or one.",Precincts,68,68,100.00%,"109,107","153,614",71.03%,Absentee Voting,Early Voting,Election Day Voting,David Junkin,REP,"4,403",37.64%,"39,938",48.46%,"5,461",52.78%,"49,802",47.67%,"11,698",100.00%,"82,422",100.00%,"10,347",100.00%,"104,467",100.00%,708,"3,182",749,"4,639",1,0,0,1,0,0,0,0,Rejected write-in votes:,0,0,0,0,Unresolved write-in votes:,0,0,0,0
"Judge, 453rd Judicial District - Vote for none or one.",Precincts,68,68,100.00%,"109,107","153,614",71.03%,Absentee Voting,Early Voting,Election Day Voting,Sherri Tibbe,DEM,"7,295",62.36%,"42,484",51.54%,"4,886",47.22%,"54,665",52.33%,"11,698",100.00%,"82,422",100.00%,"10,347",100.00%,"104,467",100.00%,708,"3,182",749,"4,639",1,0,0,1,0,0,0,0,Rejected write-in votes:,0,0,0,0,Unresolved write-in votes:,0,0,0,0
"Judge, County Court-at-Law No. 3 - Vote for none or one.",Precincts,68,68,100.00%,"109,107","153,614",71.03%,Absentee Voting,Early Voting,Election Day Voting,Tacie Zelhart,REP,"4,477",38.43%,"40,645",49.49%,"5,480",53.29%,"50,602",48.63%,"11,650",100.00%,"82,126",100.00%,"10,284",100.00%,"104,060",100.00%,756,"3,478",812,"5,046",1,0,0,1,0,0,0,0,Rejected write-in votes:,0,0,0,0,Unresolved write-in votes:,0,0,0,0
"Judge, County Court-at-Law No. 3 - Vote for none or one.",Precincts,68,68,100.00%,"109,107","153,614",71.03%,Absentee Voting,Early Voting,Election Day Voting,Millie Thompson,DEM,"7,173",61.57%,"41,481",50.51%,"4,804",46.71%,"53,458",51.37%,"11,650",100.00%,"82,126",100.00%,"10,284",100.00%,"104,060",100.00%,756,"3,478",812,"5,046",1,0,0,1,0,0,0,0,Rejected write-in votes:,0,0,0,0,Unresolved write-in votes:,0,0,0,0
Sheriff - Vote for none or one.,Precincts,68,68,100.00%,"109,107","153,614",71.03%,Absentee Voting,Early Voting,Election Day Voting,Gary Cutler,REP,"5,237",44.22%,"42,754",51.49%,"5,724",54.41%,"53,715",50.96%,"11,844",100.00%,"83,036",100.00%,"10,520",100.00%,"105,400",100.00%,563,"2,568",576,"3,707",0,0,0,0,0,0,0,0,Rejected write-in votes:,0,0,0,0,Unresolved write-in votes:,0,0,0,0
Sheriff - Vote for none or one.,Precincts,68,68,100.00%,"109,107","153,614",71.03%,Absentee Voting,Early Voting,Election Day Voting,Alex Villalobos,DEM,"6,607",55.78%,"40,282",48.51%,"4,796",45.59%,"51,685",49.04%,"11,844",100.00%,"83,036",100.00%,"10,520",100.00%,"105,400",100.00%,563,"2,568",576,"3,707",0,0,0,0,0,0,0,0,Rejected write-in votes:,0,0,0,0,Unresolved write-in votes:,0,0,0,0
Tax Assessor-Collector - Vote for none or one.,Precincts,68,68,100.00%,"109,107","153,614",71.03%,Absentee Voting,Early Voting,Election Day Voting,Jenifer O'Kane,REP,"4,945",41.95%,"42,326",51.30%,"5,804",55.94%,"53,075",50.71%,"11,788",100.00%,"82,507",100.00%,"10,376",100.00%,"104,671",100.00%,616,"3,097",720,"4,433",3,0,0,3,0,0,0,0,Rejected write-in votes:,0,0,0,0,Unresolved write-in votes:,0,0,0,0
Tax Assessor-Collector - Vote for none or one.,Precincts,68,68,100.00%,"109,107","153,614",71.03%,Absentee Voting,Early Voting,Election Day Voting,Daphne Tenorio,DEM,"6,843",58.05%,"40,181",48.70%,"4,572",44.06%,"51,596",49.29%,"11,788",100.00%,"82,507",100.00%,"10,376",100.00%,"104,671",100.00%,616,"3,097",720,"4,433",3,0,0,3,0,0,0,0,Rejected write-in votes:,0,0,0,0,Unresolved write-in votes:,0,0,0,0
Commissioner Precinct 1 - Vote for none or one.,Precincts,16,16,100.00%,"21,284","34,062",62.49%,Absentee Voting,Early Voting,Election Day Voting,Debbie Gonzales Ingalsbe,DEM,"1,383",100.00%,"12,603",100.00%,"2,106",100.00%,"16,092",100.00%,"1,383",100.00%,"12,603",100.00%,"2,106",100.00%,"16,092",100.00%,463,"3,935",794,"5,192",0,0,0,0,0,0,0,0,Rejected write-in votes:,0,0,0,0,Unresolved write-in votes:,0,0,0,0
Commissioner Precinct 3 - Vote for none or one.,Precincts,15,15,100.00%,"25,334","35,516",71.33%,Absentee Voting,Early Voting,Election Day Voting,Lon A. Shell,REP,"1,547",43.57%,"9,972",53.26%,"1,226",55.45%,"12,745",52.05%,"3,551",100.00%,"18,722",100.00%,"2,211",100.00%,"24,484",100.00%,131,604,115,850,0,0,0,0,0,0,0,0,Rejected write-in votes:,0,0,0,0,Unresolved write-in votes:,0,0,0,0
Commissioner Precinct 3 - Vote for none or one.,Precincts,15,15,100.00%,"25,334","35,516",71.33%,Absentee Voting,Early Voting,Election Day Voting,Lisa Prewitt,DEM,"2,004",56.43%,"8,750",46.74%,985,44.55%,"11,739",47.95%,"3,551",100.00%,"18,722",100.00%,"2,211",100.00%,"24,484",100.00%,131,604,115,850,0,0,0,0,0,0,0,0,Rejected write-in votes:,0,0,0,0,Unresolved write-in votes:,0,0,0,0
"Justice of the Peace Precinct 1, Place 1 - Vote for none or one.",Precincts,24,24,100.00%,"28,747","47,351",60.71%,Absentee Voting,Early Voting,Election Day Voting,Joanne Prado,DEM,"2,261",100.00%,"16,487",100.00%,"2,871",100.00%,"21,619",100.00%,"2,261",100.00%,"16,487",100.00%,"2,871",100.00%,"21,619",100.00%,894,"5,192","1,042","7,128",0,0,0,0,0,0,0,0,Rejected write-in votes:,0,0,0,0,Unresolved write-in votes:,0,0,0,0
Constable Precinct 1 - Vote for none or one.,Precincts,24,24,100.00%,"28,747","47,351",60.71%,Absentee Voting,Early Voting,Election Day Voting,Eliseo Galarza,REP,782,26.27%,"6,284",30.49%,"1,423",39.24%,"8,489",31.19%,"2,977",100.00%,"20,612",100.00%,"3,626",100.00%,"27,215",100.00%,178,"1,067",287,"1,532",0,0,0,0,0,0,0,0,Rejected write-in votes:,0,0,0,0,Unresolved write-in votes:,0,0,0,0
Constable Precinct 1 - Vote for none or one.,Precincts,24,24,100.00%,"28,747","47,351",60.71%,Absentee Voting,Early Voting,Election Day Voting,David L. Peterson,DEM,"2,195",73.73%,"14,328",69.51%,"2,203",60.76%,"18,726",68.81%,"2,977",100.00%,"20,612",100.00%,"3,626",100.00%,"27,215",100.00%,178,"1,067",287,"1,532",0,0,0,0,0,0,0,0,Rejected write-in votes:,0,0,0,0,Unresolved write-in votes:,0,0,0,0
Constable Precinct 2 - Vote for none or one.,Precincts,16,16,100.00%,"24,063","35,270",68.23%,Absentee Voting,Early Voting,Election Day Voting,Steve Avalos,REP,627,32.98%,"8,382",45.05%,"1,239",49.21%,"10,248",44.51%,"1,901",100.00%,"18,607",100.00%,"2,518",100.00%,"23,026",100.00%,120,742,175,"1,037",0,0,0,0,0,0,0,0,Rejected write-in votes:,0,0,0,0,Unresolved write-in votes:,0,0,0,0
Constable Precinct 2 - Vote for none or one.,Precincts,16,16,100.00%,"24,063","35,270",68.23%,Absentee Voting,Early Voting,Election Day Voting,Michael Torres,DEM,"1,274",67.02%,"10,225",54.95%,"1,279",50.79%,"12,778",55.49%,"1,901",100.00%,"18,607",100.00%,"2,518",100.00%,"23,026",100.00%,120,742,175,"1,037",0,0,0,0,0,0,0,0,Rejected write-in votes:,0,0,0,0,Unresolved write-in votes:,0,0,0,0
Constable Precinct 3 - Vote for none or one.,Precincts,6,6,100.00%,"11,790","14,587",80.83%,Absentee Voting,Early Voting,Election Day Voting,Don Montague,REP,854,45.82%,"5,963",67.37%,567,75.20%,"7,384",64.38%,"1,864",100.00%,"8,851",100.00%,754,100.00%,"11,469",100.00%,81,208,32,321,0,0,0,0,0,0,0,0,Rejected write-in votes:,0,0,0,0,Unresolved write-in votes:,0,0,0,0
Constable Precinct 3 - Vote for none or one.,Precincts,6,6,100.00%,"11,790","14,587",80.83%,Absentee Voting,Early Voting,Election Day Voting,Cynthia Millonzi,DEM,"1,010",54.18%,"2,888",32.63%,187,24.80%,"4,085",35.62%,"1,864",100.00%,"8,851",100.00%,754,100.00%,"11,469",100.00%,81,208,32,321,0,0,0,0,0,0,0,0,Rejected write-in votes:,0,0,0,0,Unresolved write-in votes:,0,0,0,0
Constable Precinct 4 - Vote for none or one.,Precincts,11,11,100.00%,"24,114","29,357",82.14%,Absentee Voting,Early Voting,Election Day Voting,Ron E. Hood,REP,"1,613",100.00%,"14,189",100.00%,"1,378",100.00%,"17,180",100.00%,"1,613",100.00%,"14,189",100.00%,"1,378",100.00%,"17,180",100.00%,"1,522","5,116",296,"6,934",0,0,0,0,0,0,0,0,Rejected write-in votes:,0,0,0,0,Unresolved write-in votes:,0,0,0,0
Constable Precinct 5 - Vote for none or one.,Precincts,11,11,100.00%,"20,393","27,049",75.39%,Absentee Voting,Early Voting,Election Day Voting,John Ellen,REP,960,100.00%,"10,506",100.00%,"1,502",100.00%,"12,968",100.00%,960,100.00%,"10,506",100.00%,"1,502",100.00%,"12,968",100.00%,"1,191","5,706",528,"7,425",0,0,0,0,0,0,0,0,Rejected write-in votes:,0,0,0,0,Unresolved write-in votes:,0,0,0,0
"Hays County, Texas - Proposition A - Vote for or against.",Precincts,68,68,100.00%,"109,107","153,614",71.03%,Absentee Voting,Early Voting,Election Day Voting,For,,"7,901",68.61%,"56,624",69.50%,"7,336",71.00%,"71,861",69.55%,"11,516",100.00%,"81,475",100.00%,"10,333",100.00%,"103,324",100.00%,884,"4,129",763,"5,776",0,0,0,0,0,0,0,0,Rejected write-in votes:,0,0,0,0,Unresolved write-in votes:,0,0,0,0
"Hays County, Texas - Proposition A - Vote for or against.",Precincts,68,68,100.00%,"109,107","153,614",71.03%,Absentee Voting,Early Voting,Election Day Voting,Against,,"3,615",31.39%,"24,851",30.50%,"2,997",29.00%,"31,463",30.45%,"11,516",100.00%,"81,475",100.00%,"10,333",100.00%,"103,324",100.00%,884,"4,129",763,"5,776",0,0,0,0,0,0,0,0,Rejected write-in votes:,0,0,0,0,Unresolved write-in votes:,0,0,0,0
City of Austin Proposition A - Vote for or against.,Precincts,2,2,100.00%,329,361,91.14%,Absentee Voting,Early Voting,Election Day Voting,For,,12,50.00%,119,44.24%,9,39.13%,140,44.30%,24,100.00%,269,100.00%,23,100.00%,316,100.00%,1,10,2,13,0,0,0,0,0,0,0,0,Rejected write-in votes:,0,0,0,0,Unresolved write-in votes:,0,0,0,0
City of Austin Proposition A - Vote for or against.,Precincts,2,2,100.00%,329,361,91.14%,Absentee Voting,Early Voting,Election Day Voting,Against,,12,50.00%,150,55.76%,14,60.87%,176,55.70%,24,100.00%,269,100.00%,23,100.00%,316,100.00%,1,10,2,13,0,0,0,0,0,0,0,0,Rejected write-in votes:,0,0,0,0,Unresolved write-in votes:,0,0,0,0
City of Austin Proposition B - Vote for or against.,Precincts,2,2,100.00%,329,361,91.14%,Absentee Voting,Early Voting,Election Day Voting,For,,17,70.83%,151,56.98%,10,43.48%,178,57.05%,24,100.00%,265,100.00%,23,100.00%,312,100.00%,1,14,2,17,0,0,0,0,0,0,0,0,Rejected write-in votes:,0,0,0,0,Unresolved write-in votes:,0,0,0,0
City of Austin Proposition B - Vote for or against.,Precincts,2,2,100.00%,329,361,91.14%,Absentee Voting,Early Voting,Election Day Voting,Against,,7,29.17%,114,43.02%,13,56.52%,134,42.95%,24,100.00%,265,100.00%,23,100.00%,312,100.00%,1,14,2,17,0,0,0,0,0,0,0,0,Rejected write-in votes:,0,0,0,0,Unresolved write-in votes:,0,0,0,0
"City of Buda, Position 2 at-Large - Vote for none or one.",Precincts,8,8,100.00%,"7,858","10,235",76.78%,Absentee Voting,Early Voting,Election Day Voting,Bobby Lane,,268,42.88%,"2,028",39.16%,214,41.31%,"2,510",39.70%,625,100.00%,"5,179",100.00%,518,100.00%,"6,322",100.00%,148,"1,241",147,"1,536",0,0,0,0,0,0,0,0,Rejected write-in votes:,0,0,0,0,Unresolved write-in votes:,0,0,0,0
"City of Buda, Position 2 at-Large - Vote for none or one.",Precincts,8,8,100.00%,"7,858","10,235",76.78%,Absentee Voting,Early Voting,Election Day Voting,Monica Davidson,,357,57.12%,"3,151",60.84%,304,58.69%,"3,812",60.30%,625,100.00%,"5,179",100.00%,518,100.00%,"6,322",100.00%,148,"1,241",147,"1,536",0,0,0,0,0,0,0,0,Rejected write-in votes:,0,0,0,0,Unresolved write-in votes:,0,0,0,0
"City of Buda, Position 1 at-Large - Vote for none or one.",Precincts,8,8,100.00%,"7,858","10,235",76.78%,Absentee Voting,Early Voting,Election Day Voting,LaVonia Horne-Williams,,327,51.42%,"2,428",45.26%,205,39.05%,"2,960",45.36%,636,100.00%,"5,365",100.00%,525,100.00%,"6,526",100.00%,110,"1,055",140,"1,305",0,0,0,0,0,0,0,0,Rejected write-in votes:,0,0,0,0,Unresolved write-in votes:,0,0,0,0
"City of Buda, Position 1 at-Large - Vote for none or one.",Precincts,8,8,100.00%,"7,858","10,235",76.78%,Absentee Voting,Early Voting,Election Day Voting,Matt Smith,,309,48.58%,"2,937",54.74%,320,60.95%,"3,566",54.64%,636,100.00%,"5,365",100.00%,525,100.00%,"6,526",100.00%,110,"1,055",140,"1,305",0,0,0,0,0,0,0,0,Rejected write-in votes:,0,0,0,0,Unresolved write-in votes:,0,0,0,0
"City of Kyle, Mayor - Vote for none or one.",Precincts,18,18,100.00%,"17,903","26,112",68.56%,Absentee Voting,Early Voting,Election Day Voting,Travis Mitchell,,519,40.20%,"4,654",37.17%,643,38.73%,"5,816",37.59%,"1,291",100.00%,"12,522",100.00%,"1,660",100.00%,"15,473",100.00%,173,"1,927",326,"2,426",0,0,0,0,0,0,0,0,Rejected write-in votes:,0,0,0,0,Unresolved write-in votes:,0,0,0,0
"City of Kyle, Mayor - Vote for none or one.",Precincts,18,18,100.00%,"17,903","26,112",68.56%,Absentee Voting,Early Voting,Election Day Voting,Linda Tenorio,,477,36.95%,"4,697",37.51%,684,41.20%,"5,858",37.86%,"1,291",100.00%,"12,522",100.00%,"1,660",100.00%,"15,473",100.00%,173,"1,927",326,"2,426",0,0,0,0,0,0,0,0,Rejected write-in votes:,0,0,0,0,Unresolved write-in votes:,0,0,0,0
"City of Kyle, Mayor - Vote for none or one.",Precincts,18,18,100.00%,"17,903","26,112",68.56%,Absentee Voting,Early Voting,Election Day Voting,Dave Abdel,,183,14.18%,"2,026",16.18%,204,12.29%,"2,413",15.59%,"1,291",100.00%,"12,522",100.00%,"1,660",100.00%,"15,473",100.00%,173,"1,927",326,"2,426",0,0,0,0,0,0,0,0,Rejected write-in votes:,0,0,0,0,Unresolved write-in votes:,0,0,0,0
"City of Kyle, Mayor - Vote for none or one.",Precincts,18,18,100.00%,"17,903","26,112",68.56%,Absentee Voting,Early Voting,Election Day Voting,Peter Parcher,,112,8.68%,"1,145",9.14%,129,7.77%,"1,386",8.96%,"1,291",100.00%,"12,522",100.00%,"1,660",100.00%,"15,473",100.00%,173,"1,927",326,"2,426",0,0,0,0,0,0,0,0,Rejected write-in votes:,0,0,0,0,Unresolved write-in votes:,0,0,0,0
"City of Kyle, Single Member District 2 - Vote for none or one.",Precincts,11,11,100.00%,"6,200","9,344",66.35%,Absentee Voting,Early Voting,Election Day Voting,Yvonne Flores-Cale,,190,58.10%,"2,267",60.47%,361,65.88%,"2,818",60.94%,327,100.00%,"3,749",100.00%,548,100.00%,"4,624",100.00%,108,"1,266",198,"1,572",0,0,0,0,0,0,0,0,Rejected write-in votes:,0,0,0,0,Unresolved write-in votes:,0,0,0,0
"City of Kyle, Single Member District 2 - Vote for none or one.",Precincts,11,11,100.00%,"6,200","9,344",66.35%,Absentee Voting,Early Voting,Election Day Voting,Tracy Scheel,,137,41.90%,"1,482",39.53%,187,34.12%,"1,806",39.06%,327,100.00%,"3,749",100.00%,548,100.00%,"4,624",100.00%,108,"1,266",198,"1,572",0,0,0,0,0,0,0,0,Rejected write-in votes:,0,0,0,0,Unresolved write-in votes:,0,0,0,0
"City of Kyle, Single Member District 4 - Vote for none or one.",Precincts,6,6,100.00%,"6,663","9,254",72.00%,Absentee Voting,Early Voting,Election Day Voting,Tim McHutchion,,211,41.78%,"1,632",38.73%,200,39.06%,"2,043",39.06%,505,100.00%,"4,214",100.00%,512,100.00%,"5,231",100.00%,172,"1,132",128,"1,432",0,0,0,0,0,0,0,0,Rejected write-in votes:,0,0,0,0,Unresolved write-in votes:,0,0,0,0
"City of Kyle, Single Member District 4 - Vote for none or one.",Precincts,6,6,100.00%,"6,663","9,254",72.00%,Absentee Voting,Early Voting,Election Day Voting,Ashlee Bradshaw,,294,58.22%,"2,582",61.27%,312,60.94%,"3,188",60.94%,505,100.00%,"4,214",100.00%,512,100.00%,"5,231",100.00%,172,"1,132",128,"1,432",0,0,0,0,0,0,0,0,Rejected write-in votes:,0,0,0,0,Unresolved write-in votes:,0,0,0,0
City of Kyle Proposition A - Vote for or against.,Precincts,18,18,100.00%,"17,903","26,112",68.56%,Absentee Voting,Early Voting,Election Day Voting,For,,803,58.19%,"7,437",55.08%,"1,027",56.77%,"9,267",55.52%,"1,380",100.00%,"13,501",100.00%,"1,809",100.00%,"16,690",100.00%,68,948,177,"1,193",0,0,0,0,0,0,0,0,Rejected write-in votes:,0,0,0,0,Unresolved write-in votes:,0,0,0,0
City of Kyle Proposition A - Vote for or against.,Precincts,18,18,100.00%,"17,903","26,112",68.56%,Absentee Voting,Early Voting,Election Day Voting,Against,,577,41.81%,"6,064",44.92%,782,43.23%,"7,423",44.48%,"1,380",100.00%,"13,501",100.00%,"1,809",100.00%,"16,690",100.00%,68,948,177,"1,193",0,0,0,0,0,0,0,0,Rejected write-in votes:,0,0,0,0,Unresolved write-in votes:,0,0,0,0
City of Kyle Proposition B - Vote for or against.,Precincts,18,18,100.00%,"17,903","26,112",68.56%,Absentee Voting,Early Voting,Election Day Voting,For,,692,50.99%,"7,508",56.58%,"1,031",57.86%,"9,231",56.26%,"1,357",100.00%,"13,270",100.00%,"1,782",100.00%,"16,409",100.00%,91,"1,179",204,"1,474",0,0,0,0,0,0,0,0,Rejected write-in votes:,0,0,0,0,Unresolved write-in votes:,0,0,0,0
City of Kyle Proposition B - Vote for or against.,Precincts,18,18,100.00%,"17,903","26,112",68.56%,Absentee Voting,Early Voting,Election Day Voting,Against,,665,49.01%,"5,762",43.42%,751,42.14%,"7,178",43.74%,"1,357",100.00%,"13,270",100.00%,"1,782",100.00%,"16,409",100.00%,91,"1,179",204,"1,474",0,0,0,0,0,0,0,0,Rejected write-in votes:,0,0,0,0,Unresolved write-in votes:,0,0,0,0
"City of Kyle, Charter Amendment, Proposition C - Annexation - Vote yes or no.",Precincts,18,18,100.00%,"17,903","26,112",68.56%,Absentee Voting,Early Voting,Election Day Voting,Yes,,"1,054",79.67%,"9,218",74.72%,"1,162",70.51%,"11,434",74.70%,"1,323",100.00%,"12,336",100.00%,"1,648",100.00%,"15,307",100.00%,125,"2,113",338,"2,576",0,0,0,0,0,0,0,0,Rejected write-in votes:,0,0,0,0,Unresolved write-in votes:,0,0,0,0
"City of Kyle, Charter Amendment, Proposition C - Annexation - Vote yes or no.",Precincts,18,18,100.00%,"17,903","26,112",68.56%,Absentee Voting,Early Voting,Election Day Voting,No,,269,20.33%,"3,118",25.28%,486,29.49%,"3,873",25.30%,"1,323",100.00%,"12,336",100.00%,"1,648",100.00%,"15,307",100.00%,125,"2,113",338,"2,576",0,0,0,0,0,0,0,0,Rejected write-in votes:,0,0,0,0,Unresolved write-in votes:,0,0,0,0
"City of Kyle, Charter Amendment, Proposition D - Election Precincts and Polling Places - Vote yes or no.",Precincts,18,18,100.00%,"17,903","26,112",68.56%,Absentee Voting,Early Voting,Election Day Voting,Yes,,"1,249",92.59%,"11,300",89.48%,"1,442",85.88%,"13,991",89.36%,"1,349",100.00%,"12,629",100.00%,"1,679",100.00%,"15,657",100.00%,99,"1,820",307,"2,226",0,0,0,0,0,0,0,0,Rejected write-in votes:,0,0,0,0,Unresolved write-in votes:,0,0,0,0
"City of Kyle, Charter Amendment, Proposition D - Election Precincts and Polling Places - Vote yes or no.",Precincts,18,18,100.00%,"17,903","26,112",68.56%,Absentee Voting,Early Voting,Election Day Voting,No,,100,7.41%,"1,329",10.52%,237,14.12%,"1,666",10.64%,"1,349",100.00%,"12,629",100.00%,"1,679",100.00%,"15,657",100.00%,99,"1,820",307,"2,226",0,0,0,0,0,0,0,0,Rejected write-in votes:,0,0,0,0,Unresolved write-in votes:,0,0,0,0
"City of Kyle, Charter Amendment, Proposition E - Council-Initiated Non-Binding Ballot Propositions - Vote yes or no.",Precincts,18,18,100.00%,"17,903","26,112",68.56%,Absentee Voting,Early Voting,Election Day Voting,Yes,,940,70.68%,"8,417",69.98%,"1,091",68.19%,"10,448",69.85%,"1,330",100.00%,"12,028",100.00%,"1,600",100.00%,"14,958",100.00%,118,"2,421",386,"2,925",0,0,0,0,0,0,0,0,Rejected write-in votes:,0,0,0,0,Unresolved write-in votes:,0,0,0,0
"City of Kyle, Charter Amendment, Proposition E - Council-Initiated Non-Binding Ballot Propositions - Vote yes or no.",Precincts,18,18,100.00%,"17,903","26,112",68.56%,Absentee Voting,Early Voting,Election Day Voting,No,,390,29.32%,"3,611",30.02%,509,31.81%,"4,510",30.15%,"1,330",100.00%,"12,028",100.00%,"1,600",100.00%,"14,958",100.00%,118,"2,421",386,"2,925",0,0,0,0,0,0,0,0,Rejected write-in votes:,0,0,0,0,Unresolved write-in votes:,0,0,0,0
"City of Kyle, Charter Amendment, Proposition F - Police Department Oversight - Vote yes or no.",Precincts,18,18,100.00%,"17,903","26,112",68.56%,Absentee Voting,Early Voting,Election Day Voting,Yes,,"1,093",81.20%,"9,694",76.38%,"1,301",77.72%,"12,088",76.94%,"1,346",100.00%,"12,691",100.00%,"1,674",100.00%,"15,711",100.00%,102,"1,758",312,"2,172",0,0,0,0,0,0,0,0,Rejected write-in votes:,0,0,0,0,Unresolved write-in votes:,0,0,0,0
"City of Kyle, Charter Amendment, Proposition F - Police Department Oversight - Vote yes or no.",Precincts,18,18,100.00%,"17,903","26,112",68.56%,Absentee Voting,Early Voting,Election Day Voting,No,,253,18.80%,"2,997",23.62%,373,22.28%,"3,623",23.06%,"1,346",100.00%,"12,691",100.00%,"1,674",100.00%,"15,711",100.00%,102,"1,758",312,"2,172",0,0,0,0,0,0,0,0,Rejected write-in votes:,0,0,0,0,Unresolved write-in votes:,0,0,0,0
"City of Kyle, Charter Amendment, Proposition G - Non-Substantive - Vote yes or no.",Precincts,18,18,100.00%,"17,903","26,112",68.56%,Absentee Voting,Early Voting,Election Day Voting,Yes,,916,69.82%,"7,979",65.85%,998,62.41%,"9,893",65.83%,"1,312",100.00%,"12,117",100.00%,"1,599",100.00%,"15,028",100.00%,136,"2,332",387,"2,855",0,0,0,0,0,0,0,0,Rejected write-in votes:,0,0,0,0,Unresolved write-in votes:,0,0,0,0
"City of Kyle, Charter Amendment, Proposition G - Non-Substantive - Vote yes or no.",Precincts,18,18,100.00%,"17,903","26,112",68.56%,Absentee Voting,Early Voting,Election Day Voting,No,,396,30.18%,"4,138",34.15%,601,37.59%,"5,135",34.17%,"1,312",100.00%,"12,117",100.00%,"1,599",100.00%,"15,028",100.00%,136,"2,332",387,"2,855",0,0,0,0,0,0,0,0,Rejected write-in votes:,0,0,0,0,Unresolved write-in votes:,0,0,0,0
"City of Mountain City, Mayor - Vote for none or one.",Precincts,1,1,100.00%,444,537,82.68%,Absentee Voting,Early Voting,Election Day Voting,"Ralph McClendon, Jr.",,60,100.00%,313,100.00%,18,100.00%,391,100.00%,60,100.00%,313,100.00%,18,100.00%,391,100.00%,15,37,1,53,0,0,0,0,0,0,0,0,Rejected write-in votes:,0,0,0,0,Unresolved write-in votes:,0,0,0,0
"City of Mountain City, Alderman - Vote for none, one, or two.",Precincts,1,1,100.00%,444,537,82.68%,Absentee Voting,Early Voting,Election Day Voting,Cyndie Holmes,,32,38.55%,161,39.17%,8,38.10%,201,39.03%,83,100.00%,411,100.00%,21,100.00%,515,100.00%,67,289,17,373,0,0,0,0,0,0,0,0,Rejected write-in votes:,0,0,0,0,Unresolved write-in votes:,0,0,0,0
"City of Mountain City, Alderman - Vote for none, one, or two.",Precincts,1,1,100.00%,444,537,82.68%,Absentee Voting,Early Voting,Election Day Voting,Laura Joy,,32,38.55%,143,34.79%,5,23.81%,180,34.95%,83,100.00%,411,100.00%,21,100.00%,515,100.00%,67,289,17,373,0,0,0,0,0,0,0,0,Rejected write-in votes:,0,0,0,0,Unresolved write-in votes:,0,0,0,0
"City of Mountain City, Alderman - Vote for none, one, or two.",Precincts,1,1,100.00%,444,537,82.68%,Absentee Voting,Early Voting,Election Day Voting,Eric Miller,,19,22.89%,107,26.03%,8,38.10%,134,26.02%,83,100.00%,411,100.00%,21,100.00%,515,100.00%,67,289,17,373,0,0,0,0,0,0,0,0,Rejected write-in votes:,0,0,0,0,Unresolved write-in votes:,0,0,0,0
"City of San Marcos, Mayor - Vote for none or one.",Precincts,25,25,100.00%,"25,221","42,124",59.87%,Absentee Voting,Early Voting,Election Day Voting,Michael Sean Hathaway II,,102,5.01%,"1,475",9.65%,318,11.89%,"1,895",9.48%,"2,037",100.00%,"15,284",100.00%,"2,675",100.00%,"19,996",100.00%,294,"4,154",750,"5,198",1,0,0,1,0,0,0,0,Rejected write-in votes:,0,0,0,0,Unresolved write-in votes:,0,0,0,0
"City of San Marcos, Mayor - Vote for none or one.",Precincts,25,25,100.00%,"25,221","42,124",59.87%,Absentee Voting,Early Voting,Election Day Voting,Randy Dethrow,,55,2.70%,659,4.31%,137,5.12%,851,4.26%,"2,037",100.00%,"15,284",100.00%,"2,675",100.00%,"19,996",100.00%,294,"4,154",750,"5,198",1,0,0,1,0,0,0,0,Rejected write-in votes:,0,0,0,0,Unresolved write-in votes:,0,0,0,0
"City of San Marcos, Mayor - Vote for none or one.",Precincts,25,25,100.00%,"25,221","42,124",59.87%,Absentee Voting,Early Voting,Election Day Voting,Jane Garnette Hughson,,"1,327",65.14%,"6,722",43.98%,897,33.53%,"8,946",44.74%,"2,037",100.00%,"15,284",100.00%,"2,675",100.00%,"19,996",100.00%,294,"4,154",750,"5,198",1,0,0,1,0,0,0,0,Rejected write-in votes:,0,0,0,0,Unresolved write-in votes:,0,0,0,0
"City of San Marcos, Mayor - Vote for none or one.",Precincts,25,25,100.00%,"25,221","42,124",59.87%,Absentee Voting,Early Voting,Election Day Voting,J.M. Harris,,86,4.22%,"1,395",9.13%,283,10.58%,"1,764",8.82%,"2,037",100.00%,"15,284",100.00%,"2,675",100.00%,"19,996",100.00%,294,"4,154",750,"5,198",1,0,0,1,0,0,0,0,Rejected write-in votes:,0,0,0,0,Unresolved write-in votes:,0,0,0,0
"City of San Marcos, Mayor - Vote for none or one.",Precincts,25,25,100.00%,"25,221","42,124",59.87%,Absentee Voting,Early Voting,Election Day Voting,Juan Miguel Arredondo,,467,22.93%,"5,033",32.93%,"1,040",38.88%,"6,540",32.71%,"2,037",100.00%,"15,284",100.00%,"2,675",100.00%,"19,996",100.00%,294,"4,154",750,"5,198",1,0,0,1,0,0,0,0,Rejected write-in votes:,0,0,0,0,Unresolved write-in votes:,0,0,0,0
"City of San Marcos, City Council, Place 3 - Vote for none or one.",Precincts,25,25,100.00%,"25,221","42,124",59.87%,Absentee Voting,Early Voting,Election Day Voting,Alyssa C. Garza,,975,49.85%,"10,864",73.24%,"2,015",77.08%,"13,854",71.40%,"1,956",100.00%,"14,833",100.00%,"2,614",100.00%,"19,403",100.00%,374,"4,605",811,"5,790",0,0,0,0,0,0,0,0,Rejected write-in votes:,0,0,0,0,Unresolved write-in votes:,0,0,0,0
"City of San Marcos, City Council, Place 3 - Vote for none or one.",Precincts,25,25,100.00%,"25,221","42,124",59.87%,Absentee Voting,Early Voting,Election Day Voting,Ed Mihalkanin,,981,50.15%,"3,969",26.76%,599,22.92%,"5,549",28.60%,"1,956",100.00%,"14,833",100.00%,"2,614",100.00%,"19,403",100.00%,374,"4,605",811,"5,790",0,0,0,0,0,0,0,0,Rejected write-in votes:,0,0,0,0,Unresolved write-in votes:,0,0,0,0
"City of San Marcos, City Council, Place 4 - Vote for none or one.",Precincts,25,25,100.00%,"25,221","42,124",59.87%,Absentee Voting,Early Voting,Election Day Voting,Shane Scott,,983,51.41%,"7,791",54.96%,"1,476",59.06%,"10,250",55.15%,"1,912",100.00%,"14,175",100.00%,"2,499",100.00%,"18,586",100.00%,418,"5,263",926,"6,607",0,0,0,0,0,0,0,0,Rejected write-in votes:,0,0,0,0,Unresolved write-in votes:,0,0,0,0
"City of San Marcos, City Council, Place 4 - Vote for none or one.",Precincts,25,25,100.00%,"25,221","42,124",59.87%,Absentee Voting,Early Voting,Election Day Voting,Mark Rockeymoore,,929,48.59%,"6,384",45.04%,"1,023",40.94%,"8,336",44.85%,"1,912",100.00%,"14,175",100.00%,"2,499",100.00%,"18,586",100.00%,418,"5,263",926,"6,607",0,0,0,0,0,0,0,0,Rejected write-in votes:,0,0,0,0,Unresolved write-in votes:,0,0,0,0
"City of San Marcos, City Council, Place 5, Unexpired Term - Vote for none or one.",Precincts,25,25,100.00%,"25,221","42,124",59.87%,Absentee Voting,Early Voting,Election Day Voting,Omar Baca,,476,25.09%,"4,952",34.14%,754,29.35%,"6,182",32.58%,"1,897",100.00%,"14,506",100.00%,"2,569",100.00%,"18,972",100.00%,432,"4,932",856,"6,220",1,0,0,1,0,0,0,0,Rejected write-in votes:,0,0,0,0,Unresolved write-in votes:,0,0,0,0
"City of San Marcos, City Council, Place 5, Unexpired Term - Vote for none or one.",Precincts,25,25,100.00%,"25,221","42,124",59.87%,Absentee Voting,Early Voting,Election Day Voting,Zach Sambrano,,521,27.46%,"4,621",31.86%,940,36.59%,"6,082",32.06%,"1,897",100.00%,"14,506",100.00%,"2,569",100.00%,"18,972",100.00%,432,"4,932",856,"6,220",1,0,0,1,0,0,0,0,Rejected write-in votes:,0,0,0,0,Unresolved write-in votes:,0,0,0,0
"City of San Marcos, City Council, Place 5, Unexpired Term - Vote for none or one.",Precincts,25,25,100.00%,"25,221","42,124",59.87%,Absentee Voting,Early Voting,Election Day Voting,Mark Gleason,,900,47.44%,"4,933",34.01%,875,34.06%,"6,708",35.36%,"1,897",100.00%,"14,506",100.00%,"2,569",100.00%,"18,972",100.00%,432,"4,932",856,"6,220",1,0,0,1,0,0,0,0,Rejected write-in votes:,0,0,0,0,Unresolved write-in votes:,0,0,0,0
"City of Woodcreek, City Council, at-Large - Vote for none, one, two, or three.",Precincts,3,3,100.00%,"1,258","1,531",82.17%,Absentee Voting,Early Voting,Election Day Voting,Aurora F. LeBrun,,135,25.38%,273,18.41%,20,15.75%,428,19.98%,532,100.00%,"1,483",100.00%,127,100.00%,"2,142",100.00%,347,"1,148",137,"1,632",0,0,0,0,0,0,0,0,Rejected write-in votes:,0,0,0,0,Unresolved write-in votes:,0,0,0,0
"City of Woodcreek, City Council, at-Large - Vote for none, one, two, or three.",Precincts,3,3,100.00%,"1,258","1,531",82.17%,Absentee Voting,Early Voting,Election Day Voting,Jeff Rasco,,134,25.19%,335,22.59%,34,26.77%,503,23.48%,532,100.00%,"1,483",100.00%,127,100.00%,"2,142",100.00%,347,"1,148",137,"1,632",0,0,0,0,0,0,0,0,Rejected write-in votes:,0,0,0,0,Unresolved write-in votes:,0,0,0,0
"City of Woodcreek, City Council, at-Large - Vote for none, one, two, or three.",Precincts,3,3,100.00%,"1,258","1,531",82.17%,Absentee Voting,Early Voting,Election Day Voting,Vicki Alvord,,84,15.79%,284,19.15%,25,19.69%,393,18.35%,532,100.00%,"1,483",100.00%,127,100.00%,"2,142",100.00%,347,"1,148",137,"1,632",0,0,0,0,0,0,0,0,Rejected write-in votes:,0,0,0,0,Unresolved write-in votes:,0,0,0,0
"City of Woodcreek, City Council, at-Large - Vote for none, one, two, or three.",Precincts,3,3,100.00%,"1,258","1,531",82.17%,Absentee Voting,Early Voting,Election Day Voting,Nancye Britner,,91,17.11%,291,19.62%,22,17.32%,404,18.86%,532,100.00%,"1,483",100.00%,127,100.00%,"2,142",100.00%,347,"1,148",137,"1,632",0,0,0,0,0,0,0,0,Rejected write-in votes:,0,0,0,0,Unresolved write-in votes:,0,0,0,0
"City of Woodcreek, City Council, at-Large - Vote for none, one, two, or three.",Precincts,3,3,100.00%,"1,258","1,531",82.17%,Absentee Voting,Early Voting,Election Day Voting,Judy Brizendine,,88,16.54%,300,20.23%,26,20.47%,414,19.33%,532,100.00%,"1,483",100.00%,127,100.00%,"2,142",100.00%,347,"1,148",137,"1,632",0,0,0,0,0,0,0,0,Rejected write-in votes:,0,0,0,0,Unresolved write-in votes:,0,0,0,0
"City of Woodcreek, City Council, at-Large, Unexpired Term - Vote for none or one.",Precincts,3,3,100.00%,"1,258","1,531",82.17%,Absentee Voting,Early Voting,Election Day Voting,Bob Hambrick,,117,50.65%,403,57.99%,41,61.19%,561,56.50%,231,100.00%,695,100.00%,67,100.00%,993,100.00%,62,182,21,265,0,0,0,0,0,0,0,0,Rejected write-in votes:,0,0,0,0,Unresolved write-in votes:,0,0,0,0
"City of Woodcreek, City Council, at-Large, Unexpired Term - Vote for none or one.",Precincts,3,3,100.00%,"1,258","1,531",82.17%,Absentee Voting,Early Voting,Election Day Voting,Chrys Grummert,,114,49.35%,292,42.01%,26,38.81%,432,43.50%,231,100.00%,695,100.00%,67,100.00%,993,100.00%,62,182,21,265,0,0,0,0,0,0,0,0,Rejected write-in votes:,0,0,0,0,Unresolved write-in votes:,0,0,0,0
"School Board Member at-Large, DSISD - Vote for none, one, or two.",Precincts,13,13,100.00%,"22,898","27,942",81.95%,Absentee Voting,Early Voting,Election Day Voting,Ron Jones,,732,24.96%,"5,219",27.12%,408,26.15%,"6,359",26.79%,"2,933",100.00%,"19,242",100.00%,"1,560",100.00%,"23,735",100.00%,"3,027","17,410","1,616","22,053",4,0,0,4,0,0,0,0,Rejected write-in votes:,0,0,0,0,Unresolved write-in votes:,0,0,0,0
"School Board Member at-Large, DSISD - Vote for none, one, or two.",Precincts,13,13,100.00%,"22,898","27,942",81.95%,Absentee Voting,Early Voting,Election Day Voting,Barbara Stroud,,933,31.81%,"5,147",26.75%,365,23.40%,"6,445",27.15%,"2,933",100.00%,"19,242",100.00%,"1,560",100.00%,"23,735",100.00%,"3,027","17,410","1,616","22,053",4,0,0,4,0,0,0,0,Rejected write-in votes:,0,0,0,0,Unresolved write-in votes:,0,0,0,0
"School Board Member at-Large, DSISD - Vote for none, one, or two.",Precincts,13,13,100.00%,"22,898","27,942",81.95%,Absentee Voting,Early Voting,Election Day Voting,Lori Broughton,,736,25.09%,"4,882",25.37%,417,26.73%,"6,035",25.43%,"2,933",100.00%,"19,242",100.00%,"1,560",100.00%,"23,735",100.00%,"3,027","17,410","1,616","22,053",4,0,0,4,0,0,0,0,Rejected write-in votes:,0,0,0,0,Unresolved write-in votes:,0,0,0,0
"School Board Member at-Large, DSISD - Vote for none, one, or two.",Precincts,13,13,100.00%,"22,898","27,942",81.95%,Absentee Voting,Early Voting,Election Day Voting,Stephanie Holtzendorf,,532,18.14%,"3,994",20.76%,370,23.72%,"4,896",20.63%,"2,933",100.00%,"19,242",100.00%,"1,560",100.00%,"23,735",100.00%,"3,027","17,410","1,616","22,053",4,0,0,4,0,0,0,0,Rejected write-in votes:,0,0,0,0,Unresolved write-in votes:,0,0,0,0
"JCISD Board of Trustees, Place 6 - Vote for none or one.",Precincts,3,3,100.00%,427,514,83.07%,Absentee Voting,Early Voting,Election Day Voting,Sarah Allen,,41,100.00%,222,100.00%,27,100.00%,290,100.00%,41,100.00%,222,100.00%,27,100.00%,290,100.00%,29,98,10,137,0,0,0,0,0,0,0,0,Rejected write-in votes:,0,0,0,0,Unresolved write-in votes:,0,0,0,0
"JCISD Board of Trustees, Place 7 - Vote for none or one.",Precincts,3,3,100.00%,427,514,83.07%,Absentee Voting,Early Voting,Election Day Voting,Cristol Carbary Corpus,,29,72.50%,103,54.21%,12,54.55%,144,57.14%,40,100.00%,190,100.00%,22,100.00%,252,100.00%,30,130,15,175,0,0,0,0,0,0,0,0,Rejected write-in votes:,0,0,0,0,Unresolved write-in votes:,0,0,0,0
"JCISD Board of Trustees, Place 7 - Vote for none or one.",Precincts,3,3,100.00%,427,514,83.07%,Absentee Voting,Early Voting,Election Day Voting,Carlette R. Lewis,,11,27.50%,87,45.79%,10,45.45%,108,42.86%,40,100.00%,190,100.00%,22,100.00%,252,100.00%,30,130,15,175,0,0,0,0,0,0,0,0,Rejected write-in votes:,0,0,0,0,Unresolved write-in votes:,0,0,0,0
"SMCISD, District 1 - Vote for none or one.",Precincts,4,4,100.00%,"4,381","6,836",64.09%,Absentee Voting,Early Voting,Election Day Voting,"James Bryant, Jr.",,232,52.73%,972,38.21%,172,39.63%,"1,376",40.26%,440,100.00%,"2,544",100.00%,434,100.00%,"3,418",100.00%,117,697,136,950,0,0,0,0,0,0,0,0,Rejected write-in votes:,0,0,0,0,Unresolved write-in votes:,0,0,0,0
"SMCISD, District 1 - Vote for none or one.",Precincts,4,4,100.00%,"4,381","6,836",64.09%,Absentee Voting,Early Voting,Election Day Voting,Juan Miguel Arredondo,,208,47.27%,"1,572",61.79%,262,60.37%,"2,042",59.74%,440,100.00%,"2,544",100.00%,434,100.00%,"3,418",100.00%,117,697,136,950,0,0,0,0,0,0,0,0,Rejected write-in votes:,0,0,0,0,Unresolved write-in votes:,0,0,0,0
"SMCISD, District 3 - Vote for none or one.",Precincts,15,15,100.00%,"5,875","10,234",57.41%,Absentee Voting,Early Voting,Election Day Voting,Mayra Mejia,,261,50.19%,"1,965",62.24%,363,57.26%,"2,589",60.06%,520,100.00%,"3,157",100.00%,634,100.00%,"4,311",100.00%,155,"1,157",236,"1,548",0,0,0,0,0,0,0,0,Rejected write-in votes:,0,0,0,0,Unresolved write-in votes:,0,0,0,0
"SMCISD, District 3 - Vote for none or one.",Precincts,15,15,100.00%,"5,875","10,234",57.41%,Absentee Voting,Early Voting,Election Day Voting,Nicholas Costilla,,259,49.81%,"1,192",37.76%,271,42.74%,"1,722",39.94%,520,100.00%,"3,157",100.00%,634,100.00%,"4,311",100.00%,155,"1,157",236,"1,548",0,0,0,0,0,0,0,0,Rejected write-in votes:,0,0,0,0,Unresolved write-in votes:,0,0,0,0
"WISD, Place 6 - Vote for none or one.",Precincts,6,6,100.00%,"10,406","12,910",80.60%,Absentee Voting,Early Voting,Election Day Voting,Gretchen Holtsinger,,779,66.41%,"2,730",45.38%,225,45.09%,"3,734",48.57%,"1,173",100.00%,"6,016",100.00%,499,100.00%,"7,688",100.00%,541,"1,982",183,"2,706",0,0,0,0,0,0,0,0,Rejected write-in votes:,0,0,0,0,Unresolved write-in votes:,0,0,0,0
"WISD, Place 6 - Vote for none or one.",Precincts,6,6,100.00%,"10,406","12,910",80.60%,Absentee Voting,Early Voting,Election Day Voting,Lexi Jones,,394,33.59%,"3,286",54.62%,274,54.91%,"3,954",51.43%,"1,173",100.00%,"6,016",100.00%,499,100.00%,"7,688",100.00%,541,"1,982",183,"2,706",0,0,0,0,0,0,0,0,Rejected write-in votes:,0,0,0,0,Unresolved write-in votes:,0,0,0,0
"WISD, Place 7 - Vote for none or one.",Precincts,6,6,100.00%,"10,406","12,910",80.60%,Absentee Voting,Early Voting,Election Day Voting,Ken Strange,,920,100.00%,"5,800",100.00%,504,100.00%,"7,224",100.00%,920,100.00%,"5,800",100.00%,504,100.00%,"7,224",100.00%,789,"2,198",178,"3,165",0,0,0,0,0,0,0,0,Rejected write-in votes:,0,0,0,0,Unresolved write-in votes:,0,0,0,0
"Barton Springs Edwards Aquifer Board of Directors, Director - Precinct 4 - Vote for none or one.",Precincts,3,3,100.00%,"1,846","2,139",86.30%,Absentee Voting,Early Voting,Election Day Voting,Christy Williams,,68,79.07%,859,78.52%,88,72.73%,"1,015",78.02%,86,100.00%,"1,094",100.00%,121,100.00%,"1,301",100.00%,38,463,44,545,0,0,0,0,0,0,0,0,Rejected write-in votes:,0,0,0,0,Unresolved write-in votes:,0,0,0,0
"Barton Springs Edwards Aquifer Board of Directors, Director - Precinct 4 - Vote for none or one.",Precincts,3,3,100.00%,"1,846","2,139",86.30%,Absentee Voting,Early Voting,Election Day Voting,Bob Larsen,,18,20.93%,235,21.48%,33,27.27%,286,21.98%,86,100.00%,"1,094",100.00%,121,100.00%,"1,301",100.00%,38,463,44,545,0,0,0,0,0,0,0,0,Rejected write-in votes:,0,0,0,0,Unresolved write-in votes:,0,0,0,0
"Directors, HCWCID No. 2 - Vote for none, one, two, or three.",Precincts,2,2,100.00%,"1,739","2,036",85.41%,Absentee Voting,Early Voting,Election Day Voting,Royce Wachsmann,,48,25.95%,301,19.36%,34,22.52%,383,20.25%,185,100.00%,"1,555",100.00%,151,100.00%,"1,891",100.00%,322,"2,732",260,"3,314",0,0,0,0,0,0,0,0,Rejected write-in votes:,0,0,0,0,Unresolved write-in votes:,0,0,0,0
"Directors, HCWCID No. 2 - Vote for none, one, two, or three.",Precincts,2,2,100.00%,"1,739","2,036",85.41%,Absentee Voting,Early Voting,Election Day Voting,Sean McGillicuddy,,42,22.70%,453,29.13%,46,30.46%,541,28.61%,185,100.00%,"1,555",100.00%,151,100.00%,"1,891",100.00%,322,"2,732",260,"3,314",0,0,0,0,0,0,0,0,Rejected write-in votes:,0,0,0,0,Unresolved write-in votes:,0,0,0,0
"Directors, HCWCID No. 2 - Vote for none, one, two, or three.",Precincts,2,2,100.00%,"1,739","2,036",85.41%,Absentee Voting,Early Voting,Election Day Voting,Carroll Kelly,,53,28.65%,464,29.84%,40,26.49%,557,29.46%,185,100.00%,"1,555",100.00%,151,100.00%,"1,891",100.00%,322,"2,732",260,"3,314",0,0,0,0,0,0,0,0,Rejected write-in votes:,0,0,0,0,Unresolved write-in votes:,0,0,0,0
"Directors, HCWCID No. 2 - Vote for none, one, two, or three.",Precincts,2,2,100.00%,"1,739","2,036",85.41%,Absentee Voting,Early Voting,Election Day Voting,Lynn J. Lee,,42,22.70%,337,21.67%,31,20.53%,410,21.68%,185,100.00%,"1,555",100.00%,151,100.00%,"1,891",100.00%,322,"2,732",260,"3,314",0,0,0,0,0,0,0,0,Rejected write-in votes:,0,0,0,0,Unresolved write-in votes:,0,0,0,0
HTGCD Board Director for Single Member District #2 - Vote for none or one.,Precincts,7,7,100.00%,"6,560","8,007",81.93%,Absentee Voting,Early Voting,Election Day Voting,James Shelton,,199,49.87%,"1,610",57.98%,133,66.17%,"1,942",57.51%,399,100.00%,"2,777",100.00%,201,100.00%,"3,377",100.00%,489,"2,525",169,"3,183",0,0,0,0,0,0,0,0,Rejected write-in votes:,0,0,0,0,Unresolved write-in votes:,0,0,0,0
HTGCD Board Director for Single Member District #2 - Vote for none or one.,Precincts,7,7,100.00%,"6,560","8,007",81.93%,Absentee Voting,Early Voting,Election Day Voting,Jeff Shaw,,200,50.13%,"1,167",42.02%,68,33.83%,"1,435",42.49%,399,100.00%,"2,777",100.00%,201,100.00%,"3,377",100.00%,489,"2,525",169,"3,183",0,0,0,0,0,0,0,0,Rejected write-in votes:,0,0,0,0,Unresolved write-in votes:,0,0,0,0
HTGCD Board Director for Single Member District #4 - Vote for none or one.,Precincts,5,5,100.00%,"6,436","7,987",80.58%,Absentee Voting,Early Voting,Election Day Voting,Mark Key,,177,26.70%,"1,580",48.02%,169,56.71%,"1,926",45.31%,663,100.00%,"3,290",100.00%,298,100.00%,"4,251",100.00%,354,"1,640",159,"2,153",0,0,0,0,0,0,0,0,Rejected write-in votes:,0,0,0,0,Unresolved write-in votes:,0,0,0,0
HTGCD Board Director for Single Member District #4 - Vote for none or one.,Precincts,5,5,100.00%,"6,436","7,987",80.58%,Absentee Voting,Early Voting,Election Day Voting,Linda Kaye Rogers,,486,73.30%,"1,710",51.98%,129,43.29%,"2,325",54.69%,663,100.00%,"3,290",100.00%,298,100.00%,"4,251",100.00%,354,"1,640",159,"2,153",0,0,0,0,0,0,0,0,Rejected write-in votes:,0,0,0,0,Unresolved write-in votes:,0,0,0,0
"Maxwell Utility District, Directors - Vote for none, one, two, or three.",Precincts,7,7,100.00%,673,"1,151",58.47%,Absentee Voting,Early Voting,Election Day Voting,Janie Sanchez,,26,41.27%,228,40.93%,50,49.02%,304,42.11%,63,100.00%,557,100.00%,102,100.00%,722,100.00%,153,922,213,"1,288",0,0,0,0,0,0,0,0,Rejected write-in votes:,0,0,0,0,Unresolved write-in votes:,0,0,0,0
"Maxwell Utility District, Directors - Vote for none, one, two, or three.",Precincts,7,7,100.00%,673,"1,151",58.47%,Absentee Voting,Early Voting,Election Day Voting,Mabel Vaughn,,18,28.57%,135,24.24%,20,19.61%,173,23.96%,63,100.00%,557,100.00%,102,100.00%,722,100.00%,153,922,213,"1,288",0,0,0,0,0,0,0,0,Rejected write-in votes:,0,0,0,0,Unresolved write-in votes:,0,0,0,0
"Maxwell Utility District, Directors - Vote for none, one, two, or three.",Precincts,7,7,100.00%,673,"1,151",58.47%,Absentee Voting,Early Voting,Election Day Voting,Doug Spillman,,7,11.11%,84,15.08%,17,16.67%,108,14.96%,63,100.00%,557,100.00%,102,100.00%,722,100.00%,153,922,213,"1,288",0,0,0,0,0,0,0,0,Rejected write-in votes:,0,0,0,0,Unresolved write-in votes:,0,0,0,0
"Maxwell Utility District, Directors - Vote for none, one, two, or three.",Precincts,7,7,100.00%,673,"1,151",58.47%,Absentee Voting,Early Voting,Election Day Voting,Carol Thorton,,12,19.05%,110,19.75%,15,14.71%,137,18.98%,63,100.00%,557,100.00%,102,100.00%,722,100.00%,153,922,213,"1,288",0,0,0,0,0,0,0,0,Rejected write-in votes:,0,0,0,0,Unresolved write-in votes:,0,0,0,0

